"idno","ppltrst","happy","cgtsday","alcfreq","height","weight","gndr","yrbrn"
"1",921018,"6","9",10,"2-3 times a month",178,64,"Male",1990
"2",921026,"8","8",NA,"Several times a week",172,64,"Female",1948
"3",921034,"8","8",NA,"Every day",176,87,"Male",1957
"4",921076,"8","8",NA,"Several times a week",162,70,"Female",1958
"5",921084,"5","8",NA,"Every day",175,80,"Male",1936
"6",921131,"8","8",NA,"Several times a week",160,70,"Female",1940
"7",921165,"8","Extremely happy",NA,"Once a week",167,78,"Female",1965
"8",921181,"9","9",NA,"Once a week",194,102,"Male",1956
"9",921199,"9","8",20,"2-3 times a month",176,62,"Female",1993
"10",921204,"9","8",NA,"Once a week",157,48,"Female",1941
"11",921220,"8","8",NA,"Every day",178,80,"Male",1949
"12",921254,"7","4",NA,"Once a week",185,70,"Male",1977
"13",921262,"8","8",NA,"2-3 times a month",180,93,"Male",1987
"14",921288,"8","8",NA,"Several times a week",191,95,"Male",1949
"15",921296,"5","9",NA,"Once a week",202,108,"Male",1988
"16",921319,"8","Extremely happy",10,"Once a week",185,82,"Male",1997
"17",921327,"9","9",NA,"Once a week",182,97,"Male",1940
"18",921335,"8","9",NA,"Several times a week",178,84,"Male",1945
"19",921377,"7","9",NA,"2-3 times a month",169,68,"Male",1948
"20",921393,"7","8",NA,"Less than once a month",184,67,"Male",1985
"21",921408,"7","9",1,"Several times a week",203,104,"Male",1977
"22",921416,"8","Extremely happy",40,"Several times a week",186,83,"Male",1953
"23",921424,"7","9",NA,"Several times a week",193,80,"Male",1993
"24",921432,"6","Extremely happy",6,"Once a week",180,90,"Male",1989
"25",921440,"9","9",NA,"Once a week",178,76,"Male",1975
"26",921474,"3","6",8,"Less than once a month",160,70,"Female",1980
"27",921490,"4","Extremely happy",NA,"Never",167,62,"Female",1965
"28",921505,"8","8",NA,"2-3 times a month",185,83,"Male",1968
"29",921521,"6","9",NA,"Several times a week",191,75,"Male",1987
"30",921539,"7","9",5,"Less than once a month",170,78,"Female",1982
"31",921547,"5","8",NA,"Once a month",164,68,"Female",1999
"32",921563,"4","8",8,"Several times a week",180,70,"Male",1954
"33",921571,"8","9",5,"Less than once a month",163,92,"Female",1978
"34",921589,"8","9",NA,"Never",142,50,"Female",1931
"35",921610,"6","9",NA,"Less than once a month",170,60,"Female",1978
"36",921628,"7","8",NA,"2-3 times a month",162,78,"Female",1941
"37",921636,"9","8",NA,"2-3 times a month",185,68,"Male",1996
"38",921652,"7","7",NA,"Once a week",172,65,"Female",1987
"39",921660,"8","6",NA,"2-3 times a month",173,76,"Male",1941
"40",921678,"4","Extremely happy",10,"Every day",178,65,"Male",1946
"41",921733,"5","3",NA,"Several times a week",182,95,"Male",1960
"42",921814,"9","Extremely happy",NA,"Never",196,90,"Male",1972
"43",921856,"7","8",NA,"2-3 times a month",158,79,"Female",1969
"44",921864,"8","7",20,"Several times a week",169,66,"Male",1994
"45",921872,"4","5",15,"Never",165,69,"Female",1983
"46",921880,"7","9",NA,"Once a week",180,80,"Female",1963
"47",921898,"8","Extremely happy",NA,"2-3 times a month",177,66,"Female",1966
"48",921903,"8","Extremely happy",3,"2-3 times a month",170,76,"Male",1967
"49",921911,"5","1",20,"Every day",175,98,"Male",1969
"50",921937,"4","4",10,"Several times a week",180,64,"Male",1994
"51",921945,"6","7",NA,"Once a week",183,106,"Male",1976
"52",921953,"8","9",NA,"Every day",172,82,"Female",1935
"53",921987,"7","7",NA,"Once a week",179,74,"Male",1964
"54",922006,"7","Extremely happy",20,"Less than once a month",167,106,"Female",1964
"55",922014,"5","9",NA,"2-3 times a month",161,50,"Female",1991
"56",922048,"9","3",0,"Every day",165,70,"Male",1929
"57",922056,"6","8",NA,"Every day",153,58,"Female",1973
"58",922072,"7","9",NA,"Once a month",162,69,"Female",1988
"59",922080,"5","6",20,"Several times a week",184,87,"Male",1975
"60",922098,"4","9",3,"Less than once a month",186,69,"Male",1947
"61",922103,"9","8",20,"Every day",189,76,"Male",1949
"62",922111,"8","9",NA,"Every day",169,60,"Female",1944
"63",922129,"4","8",NA,"Several times a week",185,70,"Male",1998
"64",922200,"8","8",NA,"Once a month",188,105,"Male",1975
"65",922226,"5","8",NA,"Several times a week",173,80,"Male",1941
"66",922250,"8","8",NA,"Several times a week",178,72,"Female",1937
"67",922268,"9","Extremely happy",8,"Several times a week",170,85,"Female",1971
"68",922276,"9","Extremely happy",NA,"Several times a week",171,50,"Male",1952
"69",922284,"7","8",6,"Every day",176,77,"Male",1947
"70",922292,"8","Extremely happy",NA,"Once a week",169,65,"Female",1968
"71",922315,"7","7",NA,"Several times a week",183,88,"Male",1942
"72",922323,"6","8",NA,"Once a week",155,47,"Female",1940
"73",922381,"5","9",NA,"Less than once a month",177,75,"Male",1969
"74",922399,"8","9",NA,"Less than once a month",176,73,"Male",1959
"75",922404,"8","Extremely happy",NA,"Once a week",177,63,"Male",1999
"76",922412,"8","9",NA,"2-3 times a month",172,67,"Female",1962
"77",922420,"7","Extremely happy",NA,"Once a month",164,74,"Female",1976
"78",922454,"8","8",NA,"Less than once a month",170,68,"Female",1991
"79",922462,"Most people can be trusted","Extremely happy",NA,"Once a week",160,60,"Female",1968
"80",922470,"9","8",NA,"Once a week",153,62,"Female",1936
"81",922501,"9","8",NA,"Several times a week",165,64,"Female",1970
"82",922519,"8","8",NA,"Several times a week",178,78,"Male",1953
"83",922535,"8","9",NA,"2-3 times a month",176,82,"Male",1964
"84",922543,"2","Extremely happy",NA,"Never",155,64,"Female",1970
"85",922569,"3","3",NA,"Once a month",165,58,"Female",1980
"86",922577,"6","9",NA,"2-3 times a month",168,79,"Male",1943
"87",922593,"Most people can be trusted","8",15,"Every day",163,50,"Female",1968
"88",922608,"5","9",NA,"Every day",182,80,"Male",1982
"89",922616,"Most people can be trusted","9",NA,"2-3 times a month",180,92,"Male",1953
"90",922624,"5","8",NA,"Every day",163,54,"Female",1954
"91",922640,"8","9",NA,"Once a week",172,68,"Female",1946
"92",922658,"5","Extremely happy",NA,"2-3 times a month",183,91,"Male",1985
"93",922690,"4","9",5,"Less than once a month",170,47,"Female",1993
"94",922713,"7","8",NA,"Several times a week",166,68,"Female",1947
"95",922721,"7","9",NA,"2-3 times a month",182,87,"Male",1965
"96",922739,"8","9",15,"Several times a week",192,88,"Male",1968
"97",922763,"5","7",NA,"Once a week",187,110,"Male",1967
"98",922771,"8","8",NA,"Never",165,63,"Female",1990
"99",922789,"7","8",NA,"Once a month",178,102,"Male",1949
"100",922802,"9","9",NA,"Less than once a month",164,64,"Female",1990
"101",922852,"2","8",NA,"2-3 times a month",188,92,"Male",1986
"102",922860,"8","8",NA,"2-3 times a month",159,64,"Female",1993
"103",922886,"6","5",NA,"Never",160,74,"Female",1932
"104",922894,"8","Extremely happy",NA,"Several times a week",168,60,"Female",1964
"105",922925,"9","8",15,"Once a week",186,66,"Male",1986
"106",922933,"9","9",NA,"Less than once a month",160,98,"Female",1965
"107",922941,"7","2",NA,"Less than once a month",185,99,"Male",1991
"108",922959,"8","9",1,"Once a month",185,84,"Male",1998
"109",922967,"8","7",NA,"Once a week",185,125,"Male",1977
"110",922975,"8","8",NA,"Every day",178,63,"Male",1967
"111",922983,"6","7",15,"Once a week",160,54,"Female",1947
"112",922991,"8","9",NA,"2-3 times a month",166,60,"Female",1934
"113",923052,"8","Extremely happy",NA,"2-3 times a month",157,62,"Female",1931
"114",923060,"8","9",NA,"Several times a week",174,76,"Male",1940
"115",923094,"5","8",NA,"2-3 times a month",165,58,"Female",1986
"116",923109,"8","9",NA,"Less than once a month",158,101,"Female",1946
"117",923125,"5","8",0,"2-3 times a month",178,91,"Male",1987
"118",923133,"9","8",3,"Once a week",172,65,"Female",1958
"119",923141,"7","9",NA,"Several times a week",186,75,"Female",1970
"120",923159,"8","2",15,"Several times a week",164,51.4,"Female",1946
"121",923167,"3","5",20,"Less than once a month",184,120,"Male",1971
"122",923183,"5","9",10,"Once a month",170,58,"Female",1966
"123",923191,"8","Extremely happy",NA,"2-3 times a month",170,60,"Female",1953
"124",923214,"9","9",NA,"Once a month",180,63,"Male",1998
"125",923256,"7","9",NA,"2-3 times a month",176,80,"Female",1958
"126",923264,"6","Extremely happy",NA,"Several times a week",173,89,"Male",1943
"127",923272,"8","8",20,"Once a week",190,81,"Male",1992
"128",923280,"9","9",20,"Once a week",182,105,"Male",1983
"129",923329,"8","8",NA,"Less than once a month",162,74,"Female",1969
"130",923353,"7","Extremely happy",NA,"Several times a week",178,100.9,"Male",1963
"131",923361,"7","9",NA,"Never",176,95,"Male",1984
"132",923379,"8","8",NA,"2-3 times a month",166,60,"Female",1967
"133",923395,"8","8",NA,"Several times a week",176,70,"Female",1979
"134",923400,"8","Extremely happy",NA,"Several times a week",180,70,"Male",1946
"135",923418,"7","7",NA,"Less than once a month",168,52,"Female",1963
"136",923426,"8","8",20,"Once a week",184,84,"Male",1991
"137",923434,"5","9",11,"Less than once a month",164,60,"Female",1968
"138",923476,"7","Extremely happy",NA,"Once a month",168,58,"Female",1995
"139",923492,"5","9",NA,"Once a week",166,60,"Female",1953
"140",923523,"5","9",NA,"Every day",172,59,"Female",1945
"141",923531,"9","Extremely happy",NA,"Several times a week",167,67,"Female",1956
"142",923557,"9","9",NA,"Once a week",182,76,"Male",1984
"143",923573,"7","9",NA,"2-3 times a month",155,61,"Female",1987
"144",923604,"5","8",5,"Less than once a month",189,78,"Male",1989
"145",923612,"9","7",2,"Once a month",170,62,"Male",1981
"146",923620,"8","Extremely happy",NA,"Several times a week",180,93,"Male",1984
"147",923646,"You can't be too careful","Extremely happy",8,"Less than once a month",NA,NA,"Female",1948
"148",923662,"6","8",NA,"2-3 times a month",163,62,"Female",1976
"149",923670,"6","9",NA,"Once a month",176,72,"Male",1979
"150",923688,"5","7",10,"2-3 times a month",164,63,"Female",1990
"151",923701,"5","9",NA,"Once a week",173,59,"Female",1980
"152",923719,"7","9",NA,"Once a week",178,85,"Male",1975
"153",923727,"7","9",3,"2-3 times a month",160,54,"Female",1940
"154",923743,"9","8",2,"Once a week",183,80,"Male",1988
"155",923769,"5","8",NA,"Several times a week",170,66,"Male",1951
"156",923777,"6","9",NA,"2-3 times a month",160,55,"Female",1975
"157",923785,"9","8",NA,"2-3 times a month",155,60,"Female",1960
"158",923793,"8","Extremely happy",NA,"Once a week",179,80,"Male",1950
"159",923808,"9","5",20,"Every day",172,76,"Male",1955
"160",923816,"7","9",NA,"2-3 times a month",165,70,"Female",1999
"161",923824,"9","8",NA,"Once a week",170,65,"Female",1964
"162",923832,"8","8",10,"Several times a week",173,60,"Male",1994
"163",923858,"9","9",NA,"2-3 times a month",180,70,"Male",1977
"164",923866,"7","9",NA,"Once a week",192,93,"Male",1992
"165",923882,"8","9",4,"Every day",179,87,"Male",1935
"166",923890,"9","Extremely happy",NA,"Once a week",173,60,"Female",1996
"167",923905,"6","8",12,"Once a week",196,135,"Male",1995
"168",923913,"7","9",NA,"Every day",170,70,"Male",1943
"169",923939,"9","Extremely happy",NA,"Several times a week",177,107,"Male",1951
"170",923971,"9","7",NA,"Never",166,82,"Female",1929
"171",923989,"9","7",NA,"2-3 times a month",180,70,"Female",1959
"172",923997,"8","8",NA,"Several times a week",190,110,"Male",1954
"173",924024,"7","8",NA,"Less than once a month",169,66,"Female",1986
"174",924032,"7","Extremely happy",NA,"Every day",174,72,"Male",1926
"175",924040,"8","9",NA,"Every day",172,92,"Male",1942
"176",924058,"9","",10,"Once a month",164,68,"Female",1949
"177",924066,"5","6",NA,"Every day",175,68,"Male",1927
"178",924074,"8","9",NA,"Several times a week",189,66,"Male",1970
"179",924090,"9","5",NA,"Every day",178,66,"Male",1957
"180",924105,"8","8",15,"Less than once a month",160,63,"Female",1962
"181",924113,"8","8",NA,"Several times a week",197,82,"Male",1997
"182",924121,"5","7",10,"Never",188,85,"Male",1990
"183",924139,"8","8",NA,"Once a month",174,79,"Male",1951
"184",924155,"5","8",NA,"Every day",180,70,"Male",1935
"185",924163,"5","5",NA,"Once a week",169,63,"Male",1971
"186",924171,"3","7",10,"Once a week",161,65,"Female",1995
"187",924202,"9","",NA,"Several times a week",170,74,"Female",1970
"188",924236,"8","9",NA,"Several times a week",178,93,"Male",1952
"189",924244,"7","8",NA,"Several times a week",178,90,"Male",1983
"190",924252,"Most people can be trusted","9",NA,"Once a month",169,56,"Female",1995
"191",924278,"Most people can be trusted","Extremely happy",20,"Several times a week",167,54,"Female",1934
"192",924325,"8","9",NA,"Once a month",175,78,"Male",1971
"193",924359,"8","Extremely happy",NA,"Once a week",165,72,"Male",1937
"194",924367,"5","8",NA,"Once a week",178,85,"Male",1943
"195",924375,"7","Extremely happy",NA,"Once a month",178,76,"Female",1976
"196",924383,"3","8",NA,"Never",175,94,"Male",1946
"197",924406,"8","8",NA,"Never",168,65,"Female",1934
"198",924430,"7","8",NA,"Once a week",178,69,"Male",1957
"199",924464,"7","9",NA,"Once a month",174,74,"Female",1991
"200",924472,"8","8",NA,"Less than once a month",168,72,"Female",1989
"201",924480,"8","Extremely happy",NA,"Less than once a month",166,65,"Female",1957
"202",924498,"5","7",10,"Several times a week",175,66,"Male",1966
"203",924503,"7","8",NA,"Every day",181,81.5,"Male",1932
"204",924511,"8","9",20,"Less than once a month",157,59,"Male",1957
"205",924529,"8","9",NA,"Several times a week",163,75,"Female",1957
"206",924545,"5","Extremely happy",4,"Never",172,75,"Male",1979
"207",924561,"8","Extremely happy",NA,"Less than once a month",172,57,"Female",1980
"208",924579,"5","9",NA,"Several times a week",165,66,"Female",1945
"209",924595,"8","9",NA,"Several times a week",165,80,"Female",1955
"210",924600,"9","6",NA,"Several times a week",188,91,"Male",1955
"211",924618,"7","9",NA,"Once a week",180,81,"Male",1977
"212",924626,"8","8",25,"Once a month",168,85,"Male",1942
"213",924676,"3","8",NA,"Once a week",180,83,"Male",1955
"214",924692,"7","5",NA,"Once a week",163,58,"Female",1980
"215",924715,"9","9",3,"Once a week",167,95,"Female",1985
"216",924731,"5","8",NA,"Never",178,86,"Male",1951
"217",924781,"9","Extremely happy",NA,"Several times a week",178,75,"Male",1973
"218",924812,"You can't be too careful","9",NA,"Once a week",173,65,"Female",1984
"219",924846,"8","9",NA,"Less than once a month",168,68,"Female",1972
"220",924854,"7","7",NA,"Never",173,87,"Male",1966
"221",924862,"7","8",NA,"Once a month",178,82,"Male",1980
"222",924901,"Most people can be trusted","Extremely happy",NA,"Several times a week",164,70,"Female",1957
"223",924943,"7","9",NA,"2-3 times a month",185,82,"Male",1998
"224",924951,"7","8",NA,"Once a week",162,59,"Female",1980
"225",924969,"8","5",20,"Every day",176,76,"Male",1957
"226",924985,"8","9",NA,"Once a week",188,85,"Male",1946
"227",925038,"8","7",NA,"Several times a week",168,63,"Female",1968
"228",925046,"7","9",10,"Several times a week",169,74,"Female",1960
"229",925054,"8","7",4,"Once a month",170,66,"Female",1975
"230",925062,"6","9",NA,"Once a month",174,108,"Male",1977
"231",925088,"4","Extremely happy",NA,"Once a week",178,86,"Female",1944
"232",925096,"6","9",NA,"Less than once a month",179,78.6,"Male",1996
"233",925101,"6","5",9,"Once a week",176,83,"Male",1990
"234",925119,"8","8",NA,"Several times a week",168,57,"Female",1971
"235",925127,"5","9",NA,"Never",163,62,"Female",1989
"236",925143,"4","8",NA,"2-3 times a month",168,66,"Female",1956
"237",925169,"7","7",NA,"2-3 times a month",174,64,"Male",1933
"238",925177,"5","Extremely happy",13,"Every day",164,74,"Female",1957
"239",925185,"9","9",NA,"Once a month",167,54,"Female",1974
"240",925193,"6","8",1,"Once a week",189,75,"Male",1996
"241",925216,"6","9",NA,"Several times a week",168,102,"Female",1958
"242",925224,"5","2",30,"Less than once a month",173,58,"Female",1967
"243",925232,"5","9",NA,"Once a month",168,50,"Male",1998
"244",925240,"8","9",NA,"2-3 times a month",184,110,"Male",1939
"245",925258,"7","7",NA,"Once a week",179,99,"Male",1967
"246",925274,"4","6",NA,"2-3 times a month",174,89,"Male",1955
"247",925282,"6","7",NA,"Several times a week",163,59,"Female",1938
"248",925290,"7","9",NA,"Several times a week",177,90,"Male",1951
"249",925305,"9","9",NA,"Several times a week",180,86,"Male",1947
"250",925313,"8","9",NA,"Once a week",187,135,"Male",1955
"251",925355,"3","8",NA,"Less than once a month",175,82,"Male",1962
"252",925371,"5","9",NA,"",162,70,"Female",1938
"253",925397,"8","9",NA,"Several times a week",188,99,"Male",1964
"254",925402,"Most people can be trusted","8",NA,"2-3 times a month",166,56,"Female",1976
"255",925410,"4","8",NA,"Several times a week",156,60,"Female",1969
"256",925509,"8","8",NA,"Every day",170,65,"Male",1968
"257",925525,"8","Extremely happy",NA,"Every day",156,50,"Female",1939
"258",925533,"5","Extremely happy",NA,"Several times a week",190,95,"Male",1984
"259",925541,"8","8",NA,"Less than once a month",180,114,"Male",1980
"260",925559,"7","Extremely happy",NA,"Once a week",186,105,"Male",1996
"261",925567,"6","Extremely happy",NA,"2-3 times a month",152,76,"Female",1937
"262",925575,"9","9",NA,"Several times a week",158,57,"Female",1939
"263",925583,"4","9",NA,"Less than once a month",169,65,"Female",1994
"264",925591,"7","9",NA,"2-3 times a month",164,53,"Female",1958
"265",925606,"8","9",14,"Once a week",176,104,"Male",1955
"266",925614,"5","9",NA,"Never",168,102,"Female",1971
"267",925622,"8","8",NA,"Every day",157,70,"Female",1946
"268",925656,"6","9",NA,"Several times a week",168,67,"Male",1966
"269",925680,"8","Extremely happy",NA,"Several times a week",164,69,"Female",1944
"270",925703,"8","5",NA,"2-3 times a month",165,60,"Female",1975
"271",925745,"7","8",20,"Once a month",168,65,"Female",1957
"272",925753,"7","7",0,"Less than once a month",168,67,"Female",1988
"273",925761,"8","9",NA,"Less than once a month",188,77,"Male",1987
"274",925787,"7","9",20,"Less than once a month",175,80,"Female",1949
"275",925795,"8","9",2,"Once a week",178,85,"Female",1964
"276",925826,"7","9",NA,"2-3 times a month",171,64,"Female",1989
"277",925876,"8","6",10,"Several times a week",189,80,"Male",1970
"278",925884,"5","9",NA,"Never",173,81,"Male",1990
"279",925923,"6","8",NA,"Several times a week",177,79,"Female",1964
"280",925999,"3","7",NA,"Less than once a month",180,67,"Male",1961
"281",926026,"9","9",NA,"Once a week",167,63,"Female",1976
"282",926034,"7","Extremely happy",20,"Once a week",173,72,"Male",1956
"283",926050,"7","9",10,"2-3 times a month",166,58,"Female",1974
"284",926092,"7","9",15,"2-3 times a month",173,115,"Female",1975
"285",926107,"5","8",NA,"Less than once a month",187,84,"Male",1999
"286",926115,"9","9",NA,"2-3 times a month",170,58,"Female",1961
"287",926131,"8","9",NA,"Less than once a month",176,79,"Female",1982
"288",926149,"Most people can be trusted","5",NA,"Several times a week",198,105,"Male",1956
"289",926181,"5","8",NA,"Every day",183,66,"Male",1962
"290",926199,"5","7",NA,"Once a month",175,66.1,"Female",1979
"291",926238,"4","9",10,"2-3 times a month",169,56,"Female",1969
"292",926246,"5","5",NA,"Never",150,53,"Female",1969
"293",926288,"Most people can be trusted","9",NA,"2-3 times a month",160,59,"Female",1951
"294",926319,"7","8",13,"Never",172,62,"Male",1957
"295",926343,"2","Extremely happy",NA,"Several times a week",189,80,"Male",1987
"296",926351,"8","9",NA,"Once a week",170,60,"Female",1973
"297",926377,"5","8",20,"Once a week",176,82,"Male",1951
"298",926385,"8","8",NA,"Once a week",176,73,"Male",1943
"299",926408,"7","8",NA,"Once a week",172,76,"Male",1945
"300",926458,"8","7",15,"Once a week",172,77,"Male",1986
"301",926513,"7","9",NA,"Once a week",159,72,"Female",1948
"302",926539,"7","8",0,"Once a week",165,59,"Female",1994
"303",926555,"6","8",NA,"Less than once a month",183,75,"Male",1995
"304",926563,"7","8",NA,"Never",195,66,"Male",1997
"305",926589,"9","Extremely happy",NA,"Several times a week",172,68,"Male",1965
"306",926597,"6","7",NA,"Less than once a month",173,68,"Female",1978
"307",926652,"3","7",NA,"2-3 times a month",172,62,"Female",1990
"308",926660,"3","5",NA,"Once a week",186,66,"Male",1965
"309",926678,"9","9",NA,"Less than once a month",180,85,"Male",1941
"310",926694,"8","Extremely happy",NA,"Every day",177,78,"Male",1939
"311",926709,"3","9",NA,"2-3 times a month",179,NA,"Female",1981
"312",926725,"5","Extremely happy",NA,"Once a week",168,70,"Male",1971
"313",926733,"7","8",NA,"Less than once a month",163,85,"Female",1968
"314",926759,"4","7",NA,"Never",168,66,"Female",1953
"315",926767,"8","8",NA,"2-3 times a month",173,65,"Female",1953
"316",926775,"8","8",20,"Several times a week",189,75,"Male",1989
"317",926806,"6","Extremely happy",NA,"Several times a week",172,64,"Female",1979
"318",926814,"4","1",NA,"Once a week",162,80,"Female",1977
"319",926822,"8","Extremely happy",NA,"Several times a week",175,69,"Male",1937
"320",926848,"8","9",15,"Once a month",178,76,"Male",1996
"321",926872,"8","Extremely happy",NA,"Once a week",155,58,"Female",1973
"322",926880,"7","8",NA,"Once a week",161,62,"Female",1969
"323",926898,"5","6",NA,"Once a week",182,112,"Male",1968
"324",926903,"9","9",NA,"Every day",162,62,"Female",1940
"325",926911,"8","8",NA,"2-3 times a month",184,79,"Male",1960
"326",926929,"5","2",15,"Every day",169,57,"Female",1957
"327",926937,"7","Extremely happy",NA,"Every day",168,74,"Female",1942
"328",926945,"7","9",NA,"Once a week",176,56,"Female",1971
"329",926953,"Most people can be trusted","8",NA,"Once a month",184,73,"Male",1940
"330",926961,"7","7",NA,"Once a week",172,51,"Female",1998
"331",926979,"7","9",NA,"Once a week",183,84,"Male",1992
"332",926987,"8","9",NA,"Several times a week",162,64,"Female",1950
"333",926995,"8","7",10,"Once a week",178,95,"Male",1986
"334",927006,"7","6",NA,"Less than once a month",167,72,"Female",1967
"335",927048,"7","Extremely happy",NA,"Less than once a month",160,75,"Female",1985
"336",927072,"8","7",NA,"Several times a week",192,83,"Male",1964
"337",927098,"9","8",NA,"Several times a week",165,55,"Female",1954
"338",927111,"4","4",NA,"Less than once a month",159,93,"Female",1966
"339",927137,"Most people can be trusted","Extremely happy",18,"2-3 times a month",175,90,"Male",1955
"340",927179,"5","5",NA,"2-3 times a month",169,43,"Female",1954
"341",927187,"3","9",NA,"Every day",162,65,"Male",1927
"342",927226,"8","Extremely happy",NA,"Less than once a month",182,87,"Male",1974
"343",927250,"8","9",NA,"Several times a week",169,65,"Female",1977
"344",927276,"8","Extremely happy",NA,"Several times a week",184,90,"Male",1953
"345",927284,"Most people can be trusted","8",NA,"Less than once a month",155,60,"Female",1922
"346",927307,"7","8",7,"Once a week",161,63,"Female",1995
"347",927323,"8","Extremely happy",NA,"Once a week",172,87,"Female",1967
"348",927331,"5","Extremely happy",NA,"Never",181,NA,"Female",1981
"349",927349,"5","8",10,"Once a week",188,79,"Male",1974
"350",927373,"8","9",NA,"Less than once a month",172,72,"Male",1987
"351",927381,"7","8",NA,"Every day",173,82,"Male",1995
"352",927399,"2","7",25,"Once a week",180,83,"Male",1981
"353",927462,"Most people can be trusted","Extremely happy",10,"Less than once a month",172,68,"Male",1959
"354",927488,"4","9",15,"Less than once a month",168,74,"Male",1981
"355",927585,"7","9",NA,"Once a month",175,84,"Female",1986
"356",927593,"4","Extremely happy",NA,"Once a week",170,84,"Male",1967
"357",927608,"5","8",NA,"2-3 times a month",165,66,"Female",1979
"358",927616,"Most people can be trusted","9",NA,"2-3 times a month",188,101,"Male",1941
"359",927624,"8","8",NA,"Once a week",160,69,"Female",1961
"360",927632,"5","9",NA,"Never",158,64,"Female",1976
"361",927640,"8","8",NA,"Once a week",180,87,"Female",1988
"362",927739,"7","Extremely happy",NA,"Several times a week",180,89,"Male",1976
"363",927763,"5","7",NA,"Less than once a month",185,97,"Male",1938
"364",927771,"8","Extremely happy",NA,"Once a month",181,63,"Female",1984
"365",927828,"8","9",NA,"2-3 times a month",164,63,"Female",1972
"366",927836,"8","9",NA,"Several times a week",172,63,"Male",1967
"367",927860,"Most people can be trusted","9",NA,"Several times a week",169,62,"Female",1955
"368",927894,"8","8",12,"2-3 times a month",193,83,"Male",1967
"369",927933,"6","8",NA,"Once a week",159,51,"Female",1990
"370",927959,"8","9",NA,"Every day",157,61,"Female",1964
"371",927967,"8","8",0,"Several times a week",175,82,"Male",1967
"372",927983,"3","8",20,"Once a month",164,54,"Female",1989
"373",928002,"8","8",NA,"Several times a week",146,48,"Female",1935
"374",928028,"8","6",10,"Several times a week",181,75,"Male",1986
"375",928044,"7","2",NA,"Every day",170,59,"Male",1937
"376",928060,"8","8",12,"Never",168,95,"Male",1985
"377",928086,"8","Extremely happy",NA,"Several times a week",176,65,"Female",1949
"378",928094,"4","8",NA,"Never",162,52,"Female",1998
"379",928109,"8","7",NA,"Once a week",168,67,"Female",1964
"380",928125,"3","8",NA,"2-3 times a month",183,87,"Male",1968
"381",928133,"7","6",NA,"Less than once a month",183,82,"Male",1993
"382",928167,"8","7",NA,"2-3 times a month",183,120,"Male",1956
"383",928175,"5","Extremely happy",NA,"Several times a week",162,52,"Female",1955
"384",928248,"8","9",NA,"2-3 times a month",168,69,"Female",1983
"385",928256,"6","8",NA,"Once a week",173,75,"Male",1974
"386",928280,"You can't be too careful","9",20,"Never",148,65,"Female",1953
"387",928298,"5","Extremely happy",NA,"Less than once a month",163,NA,"Female",1952
"388",928303,"5","9",NA,"Several times a week",178,73,"Male",1969
"389",928311,"9","6",NA,"Less than once a month",194,94,"Male",1973
"390",928345,"6","7",7,"Several times a week",177,84,"Male",1967
"391",928361,"9","8",NA,"Once a week",166,59,"Female",1955
"392",928379,"8","8",NA,"Once a month",171,58,"Female",1998
"393",928400,"8","8",NA,"Once a week",167,61,"Female",1969
"394",928418,"7","6",NA,"Several times a week",187,80,"Male",1997
"395",928434,"8","6",NA,"2-3 times a month",164,64,"Female",1960
"396",928476,"6","9",NA,"2-3 times a month",180,79,"Male",1964
"397",928492,"5","6",20,"Once a week",162,80,"Female",1968
"398",928515,"7","8",NA,"Several times a week",178,89,"Male",1939
"399",928565,"4","Extremely happy",NA,"2-3 times a month",178,88,"Male",1982
"400",928573,"8","8",NA,"Never",168,68,"Female",1936
"401",928604,"8","Extremely happy",2,"Once a month",151,NA,"Female",1940
"402",928646,"7","6",NA,"Once a month",161,70,"Female",1959
"403",928662,"8","Extremely happy",NA,"Once a week",176,68,"Female",1973
"404",928670,"7","Extremely happy",NA,"Several times a week",183,81,"Male",1964
"405",928701,"9","8",NA,"Once a week",183,82,"Male",1989
"406",928727,"6","Extremely happy",NA,"2-3 times a month",187,68,"Male",1998
"407",928735,"8","Extremely happy",NA,"Once a week",165,76,"Female",1943
"408",928769,"6","8",NA,"Never",155,70,"Female",1981
"409",928777,"8","8",20,"2-3 times a month",189,71,"Male",1972
"410",928785,"8","9",20,"Once a week",183,125,"Male",1967
"411",928808,"8","7",NA,"Once a week",182,81,"Male",1988
"412",928816,"7","9",NA,"2-3 times a month",196,105,"Male",1973
"413",928824,"7","Extremely happy",NA,"2-3 times a month",163,56,"Female",1981
"414",928832,"6","6",NA,"2-3 times a month",174,85,"Male",1963
"415",928840,"3","5",NA,"Less than once a month",187,98,"Male",1998
"416",928858,"7","9",NA,"2-3 times a month",185,80,"Male",1998
"417",928874,"7","7",NA,"Less than once a month",187,64,"Male",1999
"418",928905,"6","8",20,"Once a week",173,68,"Male",1952
"419",928913,"8","Extremely happy",NA,"Every day",163,71,"Female",1936
"420",928947,"5","Extremely happy",20,"Every day",167,75,"Male",1950
"421",928955,"9","Extremely happy",NA,"Once a month",176,66,"Male",1944
"422",928971,"8","Extremely happy",NA,"Once a week",168,54,"Female",1946
"423",928997,"5","8",25,"Several times a week",175,67,"Female",1988
"424",929032,"7","8",NA,"Once a week",164,63,"Female",1951
"425",929040,"4","9",15,"Once a week",182,76,"Male",1993
"426",929082,"8","Extremely happy",NA,"Several times a week",187,120,"Male",1963
"427",929090,"8","9",NA,"Once a month",184,89,"Male",1965
"428",929105,"5","7",NA,"2-3 times a month",158,68,"Female",1981
"429",929121,"6","Extremely happy",NA,"Every day",164,73,"Male",1941
"430",929139,"7","9",NA,"Once a month",186,107,"Male",1955
"431",929147,"7","9",NA,"Less than once a month",173,83,"Male",1938
"432",929163,"5","7",10,"Once a week",167,56,"Female",1941
"433",929171,"You can't be too careful","Extremely happy",NA,"2-3 times a month",173,88,"Male",1937
"434",929189,"8","Extremely happy",NA,"Less than once a month",178,86,"Male",1963
"435",929197,"9","Extremely happy",10,"Several times a week",182,90,"Male",1962
"436",929202,"Most people can be trusted","Extremely happy",NA,"Once a week",167,52,"Female",1994
"437",929210,"7","Extremely happy",NA,"Several times a week",180,110,"Male",1949
"438",929228,"9","9",NA,"Several times a week",182,102,"Male",1938
"439",929294,"7","8",NA,"Never",178,67,"Female",1970
"440",929309,"9","9",NA,"Every day",167,76,"Female",1950
"441",929325,"8","Extremely happy",NA,"Less than once a month",162,76,"Female",1970
"442",929359,"3","8",NA,"Several times a week",182,88,"Male",1945
"443",929367,"9","8",NA,"Several times a week",170,74,"Female",1962
"444",929391,"8","9",NA,"Several times a week",163,97,"Female",1951
"445",929406,"7","Extremely happy",NA,"Once a week",168,75,"Male",1945
"446",929414,"7","8",20,"Several times a week",171,60,"Female",1997
"447",929448,"Most people can be trusted","1",NA,"Less than once a month",172,NA,"Male",1926
"448",929456,"8","8",NA,"Less than once a month",170,70,"Female",1998
"449",929464,"7","7",NA,"2-3 times a month",165,86,"Female",1982
"450",929472,"5","8",20,"Never",163,53,"Female",1958
"451",929480,"7","Extremely happy",NA,"2-3 times a month",169,66,"Female",1958
"452",929529,"9","8",15,"Several times a week",164,77,"Female",1969
"453",929537,"6","9",0,"Several times a week",174,64,"Male",1942
"454",929545,"8","7",NA,"Once a week",188,66,"Male",1985
"455",929561,"8","9",NA,"2-3 times a month",187,82,"Male",1997
"456",929587,"8","7",NA,"Once a week",163,78,"Female",1958
"457",929600,"8","9",20,"Every day",174,82,"Male",1943
"458",929626,"7","7",NA,"Once a month",193,72,"Male",1987
"459",929642,"8","8",NA,"2-3 times a month",184,71,"Female",1998
"460",929668,"5","7",NA,"2-3 times a month",178,NA,"Female",1970
"461",929676,"9","8",NA,"Every day",180,72,"Male",1939
"462",929684,"8","8",17,"Every day",185,72,"Male",1931
"463",929692,"5","7",15,"2-3 times a month",193,83,"Male",1986
"464",929707,"5","8",NA,"Less than once a month",180,96,"Male",1947
"465",929749,"9","8",NA,"2-3 times a month",170,85,"Male",1969
"466",929757,"4","8",20,"Less than once a month",168,80,"Male",1969
"467",929781,"6","8",NA,"Less than once a month",162,87,"Female",1938
"468",929799,"7","8",NA,"Every day",197,110,"Male",1953
"469",929854,"7","8",10,"Once a week",176,71,"Male",1992
"470",929862,"9","9",NA,"Several times a week",175,82,"Male",1952
"471",929870,"9","Extremely happy",NA,"Less than once a month",163,69,"Female",1947
"472",929919,"6","Extremely happy",NA,"Several times a week",173,66,"Female",1940
"473",929951,"8","9",NA,"Once a week",177,66,"Female",1976
"474",929977,"4","8",15,"2-3 times a month",175,75,"Male",1985
"475",929985,"7","8",0,"Several times a week",172,76,"Female",1969
"476",929993,"8","Extremely happy",NA,"Once a month",184,73,"Male",1997
"477",930023,"5","5",NA,"Every day",185,67,"Male",1946
"478",930049,"7","9",NA,"Once a month",175,64,"Female",1997
"479",930057,"8","Extremely happy",NA,"Several times a week",173,58,"Female",1968
"480",930104,"5","9",20,"Several times a week",181,85,"Male",1946
"481",930112,"8","9",NA,"Once a week",194,71,"Male",1963
"482",930154,"4","7",6,"Once a month",182,81,"Male",1988
"483",930170,"7","Extremely happy",9,"Less than once a month",195,120,"Male",1982
"484",930196,"7","7",NA,"2-3 times a month",175,56,"Male",1941
"485",930219,"8","Extremely happy",NA,"Once a week",179,83,"Male",1962
"486",930227,"7","8",0,"2-3 times a month",170,73,"Female",1973
"487",930285,"4","6",NA,"Several times a week",177,76,"Male",1977
"488",930293,"You can't be too careful","4",10,"Every day",160,42,"Female",1945
"489",930316,"4","1",10,"Every day",174,75,"Male",1947
"490",930324,"5","7",NA,"Every day",168,85,"Male",1941
"491",930332,"8","9",NA,"Once a week",178,89,"Male",1985
"492",930374,"9","9",NA,"Several times a week",158,61,"Female",1964
"493",930382,"4","6",NA,"Never",175,90,"Female",1983
"494",930413,"5","6",NA,"Several times a week",164,53,"Female",1973
"495",930439,"7","8",1,"Once a week",182,75,"Male",1980
"496",930497,"7","8",NA,"2-3 times a month",175,76,"Female",1987
"497",930510,"8","8",NA,"Every day",190,103,"Male",1960
"498",930528,"5","8",NA,"Several times a week",178,72,"Male",1978
"499",930578,"7","9",NA,"Once a month",166,71,"Female",1952
"500",930594,"7","Extremely happy",NA,"2-3 times a month",176,114,"Female",1965
"501",930625,"7","8",NA,"Once a week",161,68,"Female",1986
"502",930633,"3","8",NA,"Less than once a month",160,60,"Female",1979
"503",930659,"8","7",4,"Less than once a month",176,80,"Female",1969
"504",930667,"5","Extremely happy",NA,"Once a week",170,70,"Male",1932
"505",930714,"8","9",NA,"Less than once a month",169,66,"Female",1977
"506",930730,"Most people can be trusted","9",NA,"Several times a week",160,84,"Female",1974
"507",930772,"6","7",3,"2-3 times a month",168,40,"Female",1957
"508",930780,"7","9",NA,"Once a week",204,112,"Male",1983
"509",930811,"8","Extremely happy",NA,"Several times a week",175,95,"Male",1937
"510",930829,"7","9",NA,"Once a week",185,116,"Male",1958
"511",930845,"7","9",NA,"Once a month",174,96,"Male",1976
"512",930853,"5","8",NA,"2-3 times a month",168,69,"Female",1947
"513",930879,"7","9",NA,"Several times a week",182,82,"Male",1965
"514",930887,"8","8",NA,"2-3 times a month",192,84,"Male",1979
"515",930926,"8","Extremely happy",NA,"Several times a week",174,83,"Male",1948
"516",930942,"8","Extremely happy",NA,"Several times a week",163,55,"Female",1950
"517",930968,"8","8",NA,"Once a week",168,60,"Female",1964
"518",930976,"5","Extremely happy",NA,"Less than once a month",163,56,"Female",1995
"519",930984,"6","Extremely happy",NA,"Once a week",163,69,"Female",1973
"520",930992,"9","9",NA,"Several times a week",177,84,"Male",1975
"521",931003,"8","7",NA,"Once a week",168,74,"Male",1980
"522",931011,"6","6",NA,"Never",184,78,"Male",1978
"523",931029,"5","7",15,"Less than once a month",190,84,"Male",1959
"524",931037,"9","5",10,"2-3 times a month",180,86,"Male",1961
"525",931087,"9","9",NA,"Once a week",165,71,"Female",1989
"526",931095,"2","6",NA,"2-3 times a month",167,86,"Female",1949
"527",931118,"8","7",4,"Several times a week",177,63,"Female",1967
"528",931126,"8","Extremely happy",NA,"Less than once a month",162,81,"Female",1961
"529",931134,"7","6",NA,"Never",159,75,"Female",1936
"530",931142,"8","9",NA,"Once a month",168,65,"Female",1939
"531",931150,"8","9",NA,"Once a week",187,86,"Male",1985
"532",931192,"9","Extremely happy",NA,"Several times a week",162,64,"Female",1953
"533",931207,"6","7",NA,"Once a month",180,79,"Male",1989
"534",931249,"3","8",NA,"Several times a week",176,66,"Male",1975
"535",931281,"5","7",NA,"2-3 times a month",186,83,"Male",1988
"536",931299,"7","6",15,"Once a month",183,88,"Male",1991
"537",931304,"8","9",NA,"2-3 times a month",163,54,"Female",1970
"538",931320,"7","8",20,"Once a week",185,81,"Male",1974
"539",931338,"8","8",NA,"Several times a week",175,53,"Female",1965
"540",931354,"6","8",0,"Once a week",165,54,"Male",1998
"541",931370,"7","7",NA,"Several times a week",162,84,"Female",1939
"542",931396,"5","8",NA,"Several times a week",167,50,"Female",1930
"543",931419,"7","Extremely happy",4,"Every day",175,72,"Male",1951
"544",931435,"8","9",NA,"Once a week",181,70,"Male",1976
"545",931443,"5","Extremely happy",NA,"Several times a week",185,66,"Male",1990
"546",931469,"Most people can be trusted","9",NA,"Less than once a month",168,75,"Female",1953
"547",931493,"5","6",20,"Less than once a month",167,98,"Male",1946
"548",931540,"8","9",NA,"2-3 times a month",164,56,"Female",1971
"549",931566,"Most people can be trusted","9",9,"Every day",160,47,"Female",1946
"550",931574,"7","Extremely happy",NA,"Once a week",166,67,"Male",1938
"551",931605,"1","",NA,"",NA,NA,"Male",1936
"552",931621,"8","Extremely happy",NA,"2-3 times a month",162,86,"Female",1938
"553",931639,"Most people can be trusted","8",NA,"Once a week",178,67,"Female",1966
"554",931647,"7","8",10,"2-3 times a month",170,70,"Female",1987
"555",931663,"8","8",NA,"Less than once a month",184,80,"Male",1965
"556",931689,"9","9",15,"Once a month",186,85,"Male",1972
"557",931697,"8","9",NA,"2-3 times a month",150,52,"Female",1946
"558",931728,"5","3",1,"Never",179,56,"Male",1983
"559",931736,"9","Extremely happy",NA,"Once a week",175,80,"Female",1965
"560",931744,"7","7",10,"Every day",172,57,"Female",1953
"561",931794,"5","Extremely happy",NA,"",NA,NA,"Male",1990
"562",931817,"5","Extremely happy",NA,"Several times a week",167,65,"Female",1945
"563",931825,"7","9",NA,"Once a month",173,74,"Male",1994
"564",931833,"8","9",NA,"Once a week",184,70,"Female",1993
"565",931841,"7","7",10,"Several times a week",187,85,"Male",1992
"566",931867,"5","9",5,"Once a month",168,58,"Female",1994
"567",931906,"5","Extremely happy",0,"Never",179,62,"Male",1938
"568",931930,"5","Extremely happy",NA,"Several times a week",162,65,"Female",1949
"569",931948,"7","8",NA,"Several times a week",176,72,"Male",1949
"570",931964,"8","Extremely happy",NA,"Less than once a month",165,60,"Female",1984
"571",932025,"1","8",NA,"Several times a week",170,80,"Female",1944
"572",932033,"5","9",NA,"2-3 times a month",157,78,"Female",1968
"573",932041,"7","9",NA,"2-3 times a month",179,84,"Male",1954
"574",932059,"4","5",7,"2-3 times a month",160,61,"Female",1983
"575",932067,"5","6",NA,"Never",188,137,"Male",1966
"576",932083,"7","Extremely happy",NA,"Every day",160,44,"Female",1934
"577",932091,"6","9",NA,"Several times a week",178,82,"Male",1985
"578",932106,"8","9",NA,"Less than once a month",170,NA,"Female",1975
"579",932130,"2","9",NA,"Several times a week",178,77,"Male",1971
"580",932148,"8","9",NA,"Several times a week",167,51,"Female",1944
"581",932156,"3","2",NA,"Never",173,74,"Female",1969
"582",932180,"8","7",NA,"Once a month",187,70,"Male",1989
"583",932229,"8","Extremely happy",20,"Less than once a month",187,75,"Male",1993
"584",932237,"8","8",NA,"Several times a week",176,82,"Male",1946
"585",932245,"9","8",NA,"Every day",174,76,"Male",1956
"586",932253,"8","7",NA,"Several times a week",170,57,"Female",1971
"587",932261,"7","Extremely happy",NA,"2-3 times a month",180,85,"Male",1996
"588",932287,"9","9",NA,"Less than once a month",167,48,"Female",1993
"589",932318,"You can't be too careful","9",NA,"2-3 times a month",180,77,"Male",1965
"590",932368,"9","9",NA,"Several times a week",160,75,"Female",1972
"591",932407,"3","9",NA,"2-3 times a month",184,66,"Male",1998
"592",932481,"5","8",12,"Several times a week",180,75,"Male",1985
"593",932499,"5","Extremely happy",NA,"2-3 times a month",166,108,"Female",1953
"594",932504,"8","8",0,"2-3 times a month",172,67,"Male",1976
"595",932512,"8","7",NA,"2-3 times a month",172,75,"Female",1958
"596",932520,"5","8",NA,"Every day",160,72,"Female",1957
"597",932538,"7","9",NA,"Once a week",175,69,"Female",1949
"598",932546,"7","8",10,"Several times a week",186,66,"Male",1955
"599",932562,"8","Extremely happy",NA,"Several times a week",167,78,"Female",1955
"600",932570,"8","Extremely happy",NA,"Several times a week",160,56,"Female",1949
"601",932588,"4","9",NA,"Once a month",179,78,"Male",1989
"602",932596,"9","Extremely happy",NA,"Every day",158,48,"Female",1960
"603",932601,"7","8",20,"Once a week",183,86,"Male",1948
"604",932643,"8","Extremely happy",20,"Less than once a month",177,80,"Male",1991
"605",932651,"1","8",NA,"2-3 times a month",187,79,"Male",1997
"606",932669,"8","9",NA,"Several times a week",182,85,"Female",1986
"607",932677,"Most people can be trusted","9",NA,"Never",185,80,"Male",1953
"608",932685,"3","3",NA,"",165,55,"Female",1925
"609",932708,"9","9",NA,"Several times a week",178,92,"Male",1951
"610",932716,"3","8",NA,"Several times a week",166,71,"Female",1940
"611",932724,"5","9",NA,"Once a week",167,66,"Female",1951
"612",932732,"7","8",NA,"2-3 times a month",174,88,"Female",1968
"613",932758,"9","8",NA,"Once a week",165,51,"Female",1926
"614",932766,"8","3",2,"Once a month",188,70,"Male",1987
"615",932774,"8","7",NA,"Several times a week",155,77,"Female",1960
"616",932855,"3","9",NA,"Less than once a month",160,50,"Female",1999
"617",932871,"2","5",2,"Several times a week",175,68,"Male",1942
"618",932889,"9","8",NA,"2-3 times a month",175,NA,"Female",1968
"619",932897,"You can't be too careful","7",10,"Several times a week",187,110,"Male",1993
"620",932902,"8","9",NA,"Once a week",173,63,"Male",1931
"621",932910,"8","8",NA,"Several times a week",180,66,"Female",1956
"622",932928,"6","8",NA,"Every day",185,94,"Male",1950
"623",932978,"5","7",NA,"Less than once a month",163,62,"Female",1971
"624",933005,"7","Extremely happy",NA,"Once a week",167,75,"Female",1956
"625",933013,"8","8",NA,"Less than once a month",191,97,"Male",1972
"626",933021,"9","8",NA,"Once a week",160,57,"Female",1948
"627",933039,"8","8",NA,"Once a month",172,72,"Male",1965
"628",933071,"8","Extremely happy",NA,"Once a month",200,120,"Male",1980
"629",933097,"8","8",NA,"Once a week",172,77,"Male",1972
"630",933110,"3","9",20,"2-3 times a month",193,94,"Male",1988
"631",933128,"8","8",20,"Once a week",174,71,"Male",1949
"632",933144,"8","9",NA,"2-3 times a month",190,72,"Male",1993
"633",933160,"8","8",NA,"Every day",184,86,"Male",1960
"634",933178,"9","7",20,"Several times a week",187,93,"Male",1951
"635",933186,"5","8",NA,"Never",162,58,"Female",1968
"636",933209,"9","Extremely happy",NA,"Every day",182,75,"Male",1992
"637",933233,"8","9",NA,"Once a week",182,70,"Male",1994
"638",933259,"9","8",NA,"Once a week",172,75,"Male",1955
"639",933275,"8","8",NA,"2-3 times a month",171,72,"Female",1938
"640",933291,"Most people can be trusted","Extremely happy",NA,"Never",161,53,"Male",1953
"641",933322,"8","7",NA,"Less than once a month",180,74,"Male",1965
"642",933348,"7","9",NA,"Once a week",173,80,"Male",1995
"643",933372,"7","9",NA,"Once a week",178,88,"Male",1971
"644",933398,"7","8",15,"Never",169,70,"Male",1985
"645",933403,"8","Extremely happy",10,"2-3 times a month",158,52,"Female",1967
"646",933429,"8","9",NA,"2-3 times a month",166,65,"Female",1953
"647",933445,"8","7",NA,"Once a week",183,85,"Male",1989
"648",933461,"8","8",NA,"Never",161,58,"Female",1944
"649",933487,"5","8",NA,"Several times a week",167,80,"Female",1929
"650",933518,"5","7",20,"Once a month",169,80,"Female",1985
"651",933542,"You can't be too careful","",NA,"",NA,NA,"Female",1978
"652",933607,"3","9",NA,"Never",174,72,"Female",1958
"653",933623,"4","Extremely happy",NA,"2-3 times a month",183,77,"Female",1958
"654",933649,"8","8",5,"Once a week",164,57,"Female",1945
"655",933657,"8","6",NA,"Several times a week",173,108,"Female",1969
"656",933673,"1","Extremely happy",12,"Once a week",162,48,"Female",1922
"657",933704,"9","9",NA,"Several times a week",167,62,"Female",1959
"658",933712,"9","8",NA,"Several times a week",187,86,"Male",1965
"659",933738,"8","9",NA,"Several times a week",165,66,"Female",1963
"660",933835,"7","9",30,"Once a week",176,85,"Male",1973
"661",933869,"7","8",10,"Once a month",176,65,"Male",1990
"662",933893,"9","8",NA,"Once a week",182,70,"Male",1990
"663",933908,"3","8",NA,"Several times a week",184,108,"Male",1961
"664",933916,"8","8",20,"Every day",165,57,"Male",1965
"665",933924,"Most people can be trusted","9",10,"Less than once a month",174,80,"Female",1974
"666",933940,"8","9",NA,"2-3 times a month",185,75,"Male",1945
"667",933974,"4","8",NA,"Less than once a month",168,81,"Female",1998
"668",933990,"9","9",NA,"Less than once a month",155,77.5,"Female",1942
"669",934001,"8","Extremely happy",NA,"2-3 times a month",184,82,"Male",1979
"670",934035,"8","9",NA,"Every day",180,89,"Male",1941
"671",934069,"8","8",NA,"Several times a week",157,92,"Female",1987
"672",934077,"3","8",NA,"Less than once a month",173,72,"Female",1962
"673",934093,"4","8",10,"Never",162,60,"Female",1996
"674",934108,"6","6",NA,"Once a week",180,81,"Male",1971
"675",934124,"8","9",NA,"Once a month",160,70,"Female",1947
"676",934158,"6","8",12,"2-3 times a month",187,86,"Male",1966
"677",934190,"7","8",NA,"Less than once a month",169,75,"Female",1990
"678",934247,"9","Extremely happy",20,"Never",162,90,"Female",1954
"679",934255,"8","7",NA,"Once a week",170,80,"Male",1931
"680",934263,"8","9",NA,"Every day",181,96,"Male",1967
"681",934289,"9","Extremely happy",NA,"Every day",178,61,"Female",1948
"682",934302,"8","7",NA,"Less than once a month",180,85,"Female",1977
"683",934344,"You can't be too careful","Extremely happy",20,"Every day",180,80,"Male",1960
"684",934352,"9","9",NA,"2-3 times a month",182,70,"Male",1985
"685",934360,"2","5",NA,"Less than once a month",160,75,"Female",1930
"686",934386,"6","9",7,"Every day",165,59,"Female",1964
"687",934433,"8","8",4,"Several times a week",170,76,"Male",1953
"688",934467,"8","8",NA,"2-3 times a month",179,72,"Female",1973
"689",934475,"8","8",NA,"Several times a week",178,84,"Male",1985
"690",934483,"8","7",NA,"Once a month",160,57,"Female",1940
"691",934491,"9","8",NA,"Several times a week",160,60,"Female",1967
"692",934522,"8","9",NA,"Every day",182,98,"Male",1944
"693",934548,"9","9",NA,"2-3 times a month",168,88.2,"Female",1971
"694",934556,"6","8",1,"Once a month",167,63,"Male",1990
"695",934564,"5","8",10,"Never",164,52,"Male",1962
"696",934611,"8","Extremely happy",4,"Several times a week",166,88,"Male",1970
"697",934629,"4","Extremely happy",NA,"2-3 times a month",178,94,"Male",1968
"698",934637,"8","Extremely happy",NA,"Every day",182,77,"Male",1944
"699",934645,"8","6",8,"Once a month",169,65,"Female",1948
"700",934653,"8","7",NA,"Once a month",163,57,"Female",1977
"701",934661,"5","9",NA,"Several times a week",183,83,"Male",1985
"702",934695,"7","9",NA,"Once a week",162,62,"Female",1919
"703",934700,"5","Extremely happy",NA,"Several times a week",182,66,"Male",1945
"704",934726,"4","Extremely happy",NA,"Never",160,77,"Female",1947
"705",934750,"5","9",NA,"Less than once a month",170,69,"Male",1942
"706",934784,"5","8",5,"Every day",174,90,"Male",1985
"707",934807,"7","6",NA,"Several times a week",188,112,"Male",1975
"708",934831,"7","Extremely happy",NA,"Several times a week",177,85,"Male",1951
"709",934865,"1","7",NA,"Never",168,56,"Female",1986
"710",934873,"8","7",NA,"Never",170,75,"Male",1973
"711",934881,"Most people can be trusted","9",NA,"Several times a week",166,76,"Female",1951
"712",934904,"9","Extremely happy",NA,"Every day",165,77,"Male",1923
"713",934912,"5","8",0,"2-3 times a month",180,88,"Male",1963
"714",934938,"8","9",NA,"Several times a week",166,75,"Female",1964
"715",934954,"Most people can be trusted","7",NA,"Several times a week",170,68,"Female",1965
"716",934962,"6","7",NA,"2-3 times a month",169,58,"Female",1976
"717",934970,"8","9",15,"Several times a week",176,77,"Female",1954
"718",934988,"7","8",5,"Never",176,68,"Female",1969
"719",934996,"8","Extremely happy",NA,"2-3 times a month",153,55,"Male",1993
"720",935007,"9","8",15,"2-3 times a month",180,78,"Male",1953
"721",935057,"8","8",20,"Less than once a month",173,73,"Male",1969
"722",935099,"8","8",NA,"Every day",164,68,"Female",1926
"723",935104,"5","Extremely happy",NA,"Every day",172,84,"Female",1960
"724",935112,"3","6",NA,"Several times a week",178,81,"Male",1958
"725",935138,"3","8",NA,"Several times a week",176,80,"Male",1956
"726",935170,"3","Extremely happy",30,"Never",189,87,"Male",1976
"727",935235,"5","9",NA,"Less than once a month",164,67,"Female",1981
"728",935251,"6","7",NA,"Once a week",190,93,"Male",1991
"729",935269,"3","6",8,"Every day",164,52,"Female",1936
"730",935285,"8","Extremely happy",NA,"Every day",180,70,"Male",1923
"731",935316,"7","Extremely happy",NA,"Several times a week",172,63,"Male",1978
"732",935332,"8","8",NA,"Once a month",175,61,"Female",1992
"733",935340,"7","9",NA,"Once a week",193,72,"Male",1997
"734",935382,"5","8",15,"Never",160,63,"Female",1955
"735",935405,"9","9",NA,"2-3 times a month",163,66,"Female",1938
"736",935439,"8","9",NA,"Once a month",159,80,"Female",1923
"737",935463,"4","9",NA,"Less than once a month",165,NA,"Female",1985
"738",935489,"9","6",NA,"Several times a week",173,70,"Male",1988
"739",935502,"9","8",20,"Several times a week",179,82,"Male",1971
"740",935536,"7","9",NA,"Once a month",182,92,"Male",1976
"741",935560,"5","8",NA,"Never",173,90,"Female",1981
"742",935586,"4","4",10,"2-3 times a month",175,63,"Male",1961
"743",935594,"4","8",NA,"2-3 times a month",187,79,"Male",1997
"744",935609,"8","8",NA,"Less than once a month",170,66,"Male",1978
"745",935633,"8","9",NA,"Several times a week",163,63,"Female",1962
"746",935641,"8","9",NA,"Several times a week",186,88,"Male",1958
"747",935659,"Most people can be trusted","9",NA,"Never",165,80,"Female",1979
"748",935667,"9","7",20,"Once a week",184,80,"Male",1966
"749",935706,"8","9",NA,"Once a week",170,82.5,"Male",1965
"750",935714,"7","8",NA,"Once a month",180,60,"Male",1997
"751",935764,"5","8",NA,"Less than once a month",156,54,"Female",1980
"752",935780,"5","9",NA,"Once a week",169,70,"Female",1975
"753",935811,"5","9",8,"2-3 times a month",174,69,"Female",1974
"754",935829,"8","9",NA,"2-3 times a month",175,60,"Female",1980
"755",935845,"7","Extremely happy",NA,"Less than once a month",167,92,"Female",1980
"756",935853,"8","8",NA,"2-3 times a month",173,95,"Male",1945
"757",935879,"7","8",NA,"Several times a week",173,69,"Male",1984
"758",935887,"7","9",1,"Less than once a month",173,68,"Female",1969
"759",935895,"7","9",NA,"Several times a week",168,90,"Female",1969
"760",935934,"7","5",2,"Several times a week",188,74,"Male",1994
"761",935950,"8","8",NA,"Once a week",162,74,"Female",1949
"762",935968,"9","Extremely happy",NA,"Several times a week",185,90,"Male",1955
"763",935976,"7","8",0,"Never",165,67,"Female",1926
"764",935984,"8","7",20,"Several times a week",183,81,"Male",1972
"765",936003,"3","9",NA,"Once a week",175,95,"Male",1947
"766",936011,"7","9",NA,"Several times a week",162,69,"Female",1942
"767",936037,"8","3",NA,"Never",187,84,"Male",1968
"768",936053,"8","9",3,"Several times a week",183,94,"Male",1979
"769",936079,"5","7",NA,"2-3 times a month",172,85,"Female",1962
"770",936087,"8","7",NA,"Several times a week",177,61,"Female",1973
"771",936095,"7","8",NA,"2-3 times a month",188,66,"Male",1978
"772",936100,"8","Extremely happy",NA,"Less than once a month",160,62,"Female",1983
"773",936118,"Most people can be trusted","9",NA,"Several times a week",170,82,"Female",1971
"774",936134,"7","9",NA,"Less than once a month",160,55,"Female",1998
"775",936150,"8","9",NA,"Several times a week",182,73,"Male",1955
"776",936184,"9","9",NA,"Several times a week",183,83,"Male",1968
"777",936207,"8","8",NA,"Once a month",168,63,"Female",1984
"778",936249,"4","3",NA,"Less than once a month",189,107,"Male",1964
"779",936265,"7","8",NA,"Less than once a month",179,80,"Male",1965
"780",936273,"7","7",NA,"Several times a week",176,70,"Female",1966
"781",936281,"7","7",NA,"Several times a week",NA,NA,"Male",1992
"782",936299,"8","9",8,"Several times a week",172,73,"Female",1965
"783",936312,"3","Extremely happy",NA,"Several times a week",162,64,"Female",1951
"784",936320,"6","Extremely happy",20,"Less than once a month",175,74,"Male",1983
"785",936346,"6","9",NA,"Once a month",186,80,"Male",1993
"786",936362,"8","9",NA,"Every day",174,72,"Male",1945
"787",936370,"8","Extremely happy",NA,"Several times a week",167,72,"Female",1950
"788",936396,"8","8",10,"Once a week",168,78,"Female",1963
"789",936427,"8","Extremely happy",NA,"2-3 times a month",164,61,"Female",1948
"790",936435,"8","Extremely happy",NA,"Never",163,75,"Female",1945
"791",936443,"7","8",7,"Several times a week",173,72,"Female",1991
"792",936485,"7","7",NA,"Once a week",184,98,"Male",1963
"793",936516,"8","9",NA,"Several times a week",172,66,"Female",1961
"794",936540,"6","Extremely happy",NA,"Several times a week",182,88,"Male",1959
"795",936558,"8","3",40,"Every day",180,63,"Male",1977
"796",936566,"9","9",NA,"Once a week",164,62,"Female",1975
"797",936574,"9","8",NA,"Once a week",162,64,"Female",1965
"798",936590,"7","9",25,"Every day",179,85,"Male",1954
"799",936621,"8","9",15,"Several times a week",163,70,"Female",1968
"800",936655,"5","Extremely happy",NA,"Less than once a month",170,68,"Female",1997
"801",936663,"7","7",2,"Once a week",180,92,"Male",1977
"802",936697,"8","8",NA,"Several times a week",172,80,"Male",1950
"803",936702,"8","9",NA,"Every day",165,53,"Female",1958
"804",936710,"9","Extremely happy",NA,"Once a month",172,60,"Female",1954
"805",936728,"8","9",NA,"Once a week",183,91,"Male",1969
"806",936736,"8","8",NA,"Every day",172,63,"Female",1941
"807",936744,"5","Extremely happy",12,"Several times a week",163,58,"Male",1988
"808",936752,"5","9",20,"Never",168,65,"Female",1960
"809",936760,"8","7",NA,"2-3 times a month",168,57,"Female",1989
"810",936778,"7","6",15,"Several times a week",174,82,"Male",1960
"811",936794,"5","8",NA,"2-3 times a month",185,83,"Male",1947
"812",936825,"7","Extremely happy",NA,"Once a week",179,70,"Male",1999
"813",936859,"5","8",NA,"Every day",183,106,"Male",1946
"814",936883,"5","8",NA,"2-3 times a month",163,64,"Female",1945
"815",936906,"6","8",10,"Every day",178,77,"Male",1953
"816",936922,"8","9",NA,"Several times a week",166,61,"Female",1949
"817",936948,"4","Extremely happy",NA,"Less than once a month",186,125,"Male",1982
"818",936956,"7","8",NA,"Once a month",179,90,"Male",1941
"819",936964,"8","9",0,"Several times a week",178,88,"Male",1947
"820",936980,"7","8",NA,"Once a month",170,80,"Male",1967
"821",936998,"7","7",NA,"Never",176,70,"Male",1976
"822",937009,"7","9",NA,"Once a week",173,96,"Male",1964
"823",937017,"8","9",NA,"Every day",164,78,"Female",1950
"824",937041,"2","9",2,"Once a week",160,71,"Female",1981
"825",937059,"4","8",19,"Never",184,64,"Male",1990
"826",937083,"4","9",NA,"Several times a week",185,80,"Male",1972
"827",937106,"7","8",17,"Less than once a month",168,68,"Male",1994
"828",937114,"8","8",NA,"Once a month",172,61,"Female",1981
"829",937148,"5","8",NA,"Once a week",169,120,"Female",1959
"830",937172,"8","9",2,"Several times a week",168,60,"Female",1982
"831",937180,"8","8",NA,"Several times a week",170,82,"Female",1971
"832",937198,"4","Extremely happy",10,"Less than once a month",164,60,"Female",1993
"833",937245,"8","9",NA,"2-3 times a month",165,65,"Female",1963
"834",937253,"8","9",NA,"Several times a week",173,90,"Female",1950
"835",937261,"You can't be too careful","9",NA,"Less than once a month",180,75,"Female",1981
"836",937318,"8","9",NA,"Never",164,59,"Female",1959
"837",937342,"5","5",4,"Several times a week",175,83,"Male",1943
"838",937368,"4","Extremely happy",NA,"Every day",162,104,"Male",1948
"839",937376,"7","9",NA,"Several times a week",178,78,"Male",1945
"840",937384,"8","8",NA,"2-3 times a month",183,89,"Male",1975
"841",937392,"7","9",NA,"Several times a week",170,80,"Male",1955
"842",937415,"8","9",NA,"Once a week",194,79,"Male",1995
"843",937423,"8","8",NA,"Less than once a month",180,76,"Female",1964
"844",937431,"7","9",NA,"Once a week",183,88,"Male",1955
"845",937449,"8","8",NA,"2-3 times a month",182,92,"Male",1974
"846",937465,"4","8",20,"Every day",168,64,"Male",1968
"847",937499,"8","9",NA,"Once a week",162,NA,"Female",1968
"848",937504,"Most people can be trusted","Extremely happy",NA,"Less than once a month",157,NA,"Female",1937
"849",937538,"6","6",15,"Once a week",173,59,"Female",1995
"850",937546,"8","8",NA,"Several times a week",170,75,"Male",1947
"851",937554,"5","Extremely happy",6,"Once a week",172,68,"Female",1978
"852",937562,"7","7",NA,"Once a week",167,82,"Female",1946
"853",937596,"7","7",NA,"Once a month",168,58,"Female",1980
"854",937619,"7","8",NA,"Several times a week",158,58,"Female",1956
"855",937627,"7","9",NA,"Once a month",180,85,"Male",1969
"856",937643,"9","8",NA,"Once a month",164,70,"Female",1960
"857",937677,"8","Extremely happy",NA,"Every day",175,67,"Male",1925
"858",937716,"8","9",8,"Once a week",170,78,"Female",1943
"859",937758,"7","8",NA,"Several times a week",174,73,"Male",1961
"860",937774,"7","9",NA,"Once a week",163,58,"Female",1976
"861",937782,"8","9",NA,"Several times a week",186,96,"Male",1959
"862",937805,"7","8",15,"Several times a week",167,70,"Female",1959
"863",937813,"5","8",NA,"Several times a week",183,92,"Male",1975
"864",937821,"3","5",NA,"2-3 times a month",178,110,"Male",1953
"865",937839,"Most people can be trusted","Extremely happy",NA,"Once a week",174,94,"Male",1957
"866",937863,"8","8",NA,"Several times a week",187,66,"Male",1967
"867",937910,"4","7",20,"Once a week",180,80,"Male",1963
"868",937928,"8","9",NA,"Once a week",158,59,"Female",1953
"869",937952,"8","8",NA,"Less than once a month",165,111,"Female",1973
"870",937960,"8","9",NA,"Once a month",179,82,"Female",1954
"871",938005,"9","9",NA,"Once a week",177,73,"Female",1988
"872",938013,"6","8",NA,"Never",168,70,"Female",1968
"873",938039,"9","7",1,"Several times a week",187,84,"Male",1973
"874",938047,"8","9",NA,"Never",178,66,"Male",1956
"875",938055,"8","Extremely happy",NA,"Less than once a month",172,72,"Female",1979
"876",938063,"7","8",NA,"Several times a week",180,80,"Male",1944
"877",938071,"7","Extremely happy",NA,"Once a week",173,85,"Female",1962
"878",938102,"5","Extremely happy",NA,"Once a week",178,93,"Male",1963
"879",938110,"8","9",15,"Never",167,52,"Male",1946
"880",938128,"5","8",NA,"Once a week",172,81,"Male",1946
"881",938136,"3","9",NA,"Less than once a month",176,80,"Female",1985
"882",938160,"7","8",20,"Every day",178,125,"Male",1960
"883",938178,"5","8",12,"Less than once a month",161,106,"Female",1991
"884",938194,"6","Extremely happy",NA,"2-3 times a month",172,60,"Male",1926
"885",938225,"8","Extremely happy",NA,"Once a month",168,55,"Female",1999
"886",938241,"6","5",20,"Once a week",168,68,"Female",1961
"887",938259,"9","9",NA,"Several times a week",176,61,"Female",1964
"888",938283,"7","8",NA,"Once a month",171,62,"Female",1992
"889",938348,"Most people can be trusted","7",NA,"Several times a week",168,70,"Female",1973
"890",938356,"6","Extremely happy",NA,"Less than once a month",192,90,"Male",1975
"891",938364,"7","Extremely happy",NA,"2-3 times a month",185,90,"Male",1985
"892",938372,"8","8",8,"Once a week",170,55,"Female",1953
"893",938380,"6","8",NA,"Less than once a month",176,55,"Female",1998
"894",938398,"7","9",NA,"Several times a week",190,94,"Male",1968
"895",938411,"4","Extremely happy",3,"Once a month",163,65,"Female",1943
"896",938437,"6","8",NA,"Once a month",168,50,"Male",1998
"897",938453,"8","Extremely happy",NA,"Once a week",180,97,"Male",1943
"898",938461,"8","8",NA,"Less than once a month",189,80,"Male",1973
"899",938479,"8","3",NA,"Several times a week",188,90,"Male",1965
"900",938487,"5","8",NA,"2-3 times a month",170,68,"Male",1933
"901",938495,"8","8",NA,"Several times a week",178,99,"Male",1945
"902",938534,"6","Extremely happy",NA,"Less than once a month",190,67,"Male",1998
"903",938542,"9","9",NA,"Once a month",173,83,"Male",1976
"904",938550,"8","9",NA,"Once a week",178,85,"Female",1979
"905",938607,"6","9",NA,"Once a week",190,85,"Male",1990
"906",938615,"8","3",NA,"Less than once a month",160,63,"Female",1991
"907",938623,"9","9",NA,"Once a week",176,70,"Male",1991
"908",938631,"7","8",NA,"2-3 times a month",167,62,"Female",1959
"909",938657,"7","9",NA,"Less than once a month",162,65,"Female",1983
"910",938665,"4","8",NA,"2-3 times a month",173,65,"Female",1996
"911",938681,"8","7",NA,"Once a month",162,51,"Female",1991
"912",938699,"8","Extremely happy",NA,"Several times a week",176,64,"Male",1933
"913",938704,"Most people can be trusted","8",NA,"Once a month",164,92,"Female",1965
"914",938720,"8","9",NA,"Every day",165,70,"Female",1965
"915",938788,"4","8",NA,"Several times a week",172,82,"Male",1970
"916",938843,"8","7",NA,"Once a month",170,64,"Female",1978
"917",938851,"5","8",10,"2-3 times a month",168,52,"Female",1992
"918",938885,"8","7",20,"Several times a week",172,72,"Male",1953
"919",938908,"7","8",NA,"2-3 times a month",180,56,"Male",1999
"920",938916,"7","8",NA,"Several times a week",183,104,"Male",1956
"921",938932,"7","7",NA,"Once a week",172,64,"Female",1980
"922",938940,"7","8",NA,"2-3 times a month",184,68,"Female",1997
"923",938958,"9","9",NA,"Once a week",182,71,"Male",1987
"924",938966,"8","Extremely happy",NA,"Every day",169,70,"Male",1943
"925",938974,"7","7",NA,"Less than once a month",165,68,"Female",1975
"926",939001,"8","8",NA,"Once a week",184,80,"Male",1974
"927",939019,"5","8",3,"Once a week",182,90,"Male",1980
"928",939051,"8","9",NA,"Once a month",163,62,"Female",1966
"929",939093,"5","8",15,"Once a month",165,89,"Female",1934
"930",939116,"7","7",12,"Once a month",169,113,"Female",1981
"931",939124,"3","Extremely happy",NA,"Less than once a month",172,51,"Female",1943
"932",939132,"9","9",NA,"Several times a week",170,64,"Female",1960
"933",939140,"8","7",NA,"2-3 times a month",186,110,"Male",1989
"934",939174,"8","8",NA,"Never",180,78,"Male",1978
"935",939182,"8","9",NA,"Less than once a month",191,89,"Male",1965
"936",939190,"8","7",NA,"Once a week",168,56,"Female",1934
"937",939239,"8","8",10,"Less than once a month",167,61,"Female",1963
"938",939271,"7","7",NA,"Less than once a month",163,75,"Female",1946
"939",939297,"7","Extremely happy",NA,"Several times a week",164,65,"Female",1939
"940",939302,"8","9",NA,"Every day",160,51,"Female",1914
"941",939344,"8","8",NA,"Several times a week",176,73,"Male",1944
"942",939360,"2","6",NA,"Once a week",172,59,"Female",1991
"943",939386,"9","Extremely happy",NA,"2-3 times a month",184,62,"Male",1992
"944",939433,"9","Extremely happy",NA,"Several times a week",187,85,"Male",1948
"945",939441,"9","9",20,"Several times a week",180,108,"Male",1991
"946",939459,"8","6",NA,"2-3 times a month",181,111,"Male",1966
"947",939467,"5","2",NA,"Less than once a month",184,88,"Male",1945
"948",939483,"7","9",NA,"Less than once a month",156,63,"Female",1979
"949",939491,"6","8",NA,"Several times a week",181,73,"Male",1998
"950",939506,"7","8",20,"Never",180,110,"Male",1986
"951",939530,"7","8",NA,"Several times a week",149,56,"Female",1983
"952",939556,"6","8",NA,"Once a week",188,126,"Male",1985
"953",939603,"8","9",NA,"2-3 times a month",172,NA,"Female",1963
"954",939611,"9","Extremely happy",NA,"Several times a week",170,71,"Male",1945
"955",939629,"7","7",NA,"Less than once a month",166,67,"Female",1954
"956",939637,"9","7",NA,"Once a month",169,70,"Female",1996
"957",939653,"8","8",NA,"Several times a week",169,60,"Female",1982
"958",939661,"8","8",4,"Several times a week",168,57,"Female",1962
"959",939700,"9","9",NA,"Once a week",179,78,"Male",1973
"960",939718,"6","Extremely happy",NA,"Once a month",158,67,"Female",1936
"961",939742,"6","7",NA,"Every day",176,71,"Male",1947
"962",939784,"9","9",NA,"Once a week",167,NA,"Female",1956
"963",939792,"You can't be too careful","9",10,"2-3 times a month",155,38,"Female",1955
"964",939807,"7","8",NA,"Once a month",163,62,"Female",1954
"965",939865,"7","6",NA,"2-3 times a month",179,53,"Male",1997
"966",939873,"5","7",18,"Less than once a month",172,95,"Male",1989
"967",939881,"8","Extremely happy",NA,"2-3 times a month",176,69,"Female",1970
"968",939899,"7","9",NA,"Once a week",163,60,"Female",1999
"969",939904,"Most people can be trusted","Extremely happy",NA,"Every day",165,58,"Female",1928
"970",939920,"Most people can be trusted","9",NA,"2-3 times a month",168,60,"Female",1988
"971",939938,"8","9",NA,"Less than once a month",169,62,"Female",1978
"972",939946,"6","7",NA,"Once a week",190,78,"Male",1996
"973",939970,"7","9",NA,"Several times a week",204,113,"Male",1961
"974",940026,"8","7",NA,"Never",165,55,"Female",1999
"975",940034,"4","9",NA,"Several times a week",185,104,"Male",1942
"976",940042,"8","8",NA,"Several times a week",185,108,"Male",1954
"977",940050,"7","Extremely happy",NA,"Less than once a month",170,52,"Female",1999
"978",940076,"7","9",NA,"2-3 times a month",170,60,"Female",1998
"979",940084,"9","Extremely happy",NA,"Never",171,72,"Female",1980
"980",940107,"7","8",4,"2-3 times a month",180,74,"Male",1995
"981",940149,"5","5",NA,"Every day",173,73,"Male",1956
"982",940165,"7","8",NA,"Once a week",164,68,"Female",1938
"983",940173,"8","Extremely happy",NA,"Once a month",168,90,"Male",1932
"984",940199,"8","8",NA,"Once a week",169,65,"Female",1962
"985",940246,"7","9",NA,"2-3 times a month",176,95,"Female",1960
"986",940254,"6","8",NA,"Once a week",176,75,"Male",1987
"987",940288,"8","8",NA,"Once a week",168,62,"Female",1954
"988",940296,"7","8",NA,"Once a week",175,68,"Male",1980
"989",940301,"7","8",NA,"Once a week",180,79,"Male",1957
"990",940319,"5","9",NA,"Once a week",165,70,"Female",1976
"991",940335,"2","3",NA,"2-3 times a month",153,42,"Female",1999
"992",940343,"8","8",NA,"Several times a week",180,87,"Male",1967
"993",940351,"5","4",5,"Never",163,NA,"Female",1979
"994",940369,"8","8",NA,"Several times a week",190,77,"Male",1949
"995",940377,"8","Extremely happy",NA,"Once a month",181,78,"Male",1984
"996",940385,"4","9",NA,"Once a month",176,69,"Female",1993
"997",940416,"7","9",6,"2-3 times a month",195,93,"Male",1994
"998",940424,"9","9",NA,"Once a week",170,102,"Female",1936
"999",940440,"7","Extremely happy",1,"2-3 times a month",194,112,"Male",1996
"1000",940458,"3","7",NA,"Once a week",150,70,"Female",1936
"1001",940466,"6","8",NA,"Once a week",185,78,"Male",1987
"1002",940490,"8","9",NA,"2-3 times a month",185,90,"Male",1992
"1003",940505,"8","9",NA,"Once a week",156,58,"Female",1932
"1004",940539,"7","9",NA,"Every day",177,80,"Male",1933
"1005",940547,"9","Extremely happy",0,"Several times a week",174,84,"Male",1943
"1006",940571,"8","9",NA,"Never",177,67,"Male",1955
"1007",940628,"3","6",20,"Once a week",174,98,"Male",1977
"1008",940644,"7","8",NA,"Never",164,60,"Female",1964
"1009",940652,"5","9",10,"Less than once a month",163,68,"Female",1954
"1010",940660,"5","9",NA,"2-3 times a month",167,85,"Female",1951
"1011",940678,"6","8",NA,"Less than once a month",151,53,"Female",1950
"1012",940686,"6","8",NA,"2-3 times a month",170,65,"Female",1987
"1013",940694,"8","8",NA,"Several times a week",183,95,"Male",1977
"1014",940717,"Most people can be trusted","8",NA,"Several times a week",165,67,"Female",1972
"1015",940725,"8","Extremely happy",NA,"Several times a week",158,70,"Female",1954
"1016",940733,"8","8",NA,"Once a month",185,89,"Male",1976
"1017",940759,"5","6",NA,"2-3 times a month",165,51,"Female",1998
"1018",940775,"7","8",NA,"Every day",168,54,"Female",1947
"1019",940783,"8","7",NA,"Several times a week",196,135,"Male",1954
"1020",940806,"7","6",NA,"Less than once a month",170,73,"Female",1973
"1021",940822,"8","7",NA,"Every day",174,73,"Male",1944
"1022",940830,"7","9",NA,"Several times a week",170,66,"Female",1947
"1023",940848,"7","9",NA,"Several times a week",168,72,"Female",1947
"1024",940856,"Most people can be trusted","Extremely happy",NA,"Once a month",167,69,"Female",1961
"1025",940864,"4","9",NA,"Once a month",164,65,"Female",1971
"1026",940880,"8","6",12,"Once a week",185,92,"Male",1957
"1027",940898,"5","Extremely happy",NA,"Every day",169,83,"Male",1927
"1028",940903,"9","Extremely happy",NA,"Once a month",192,105,"Male",1979
"1029",940945,"6","8",NA,"Once a month",179,90,"Male",1969
"1030",940979,"8","9",0,"Several times a week",188,123,"Male",1965
"1031",940987,"Most people can be trusted","8",NA,"Once a week",172,65,"Female",1955
"1032",941014,"5","8",NA,"2-3 times a month",182,83,"Male",1961
"1033",941030,"8","8",NA,"Once a week",185,84,"Male",1974
"1034",941103,"2","1",10,"Never",164,58,"Female",1930
"1035",941129,"3","6",12,"Several times a week",177,72,"Male",1993
"1036",941153,"4","6",NA,"Once a week",197,62,"Male",1951
"1037",941179,"3","3",12,"Never",165,89,"Female",1952
"1038",941195,"8","9",NA,"2-3 times a month",161,65,"Male",1992
"1039",941200,"8","9",NA,"2-3 times a month",185,95,"Male",1985
"1040",941226,"8","8",NA,"Several times a week",182,88,"Male",1957
"1041",941242,"8","8",NA,"Several times a week",182,89,"Male",1948
"1042",941268,"6","9",NA,"Once a week",160,72,"Female",1970
"1043",941284,"7","4",NA,"Several times a week",175,65,"Female",1952
"1044",941307,"8","8",NA,"Once a week",184,87,"Male",1992
"1045",941323,"7","8",NA,"Several times a week",169,67,"Male",1945
"1046",941331,"9","2",NA,"2-3 times a month",172,68,"Female",1984
"1047",941365,"7","9",NA,"Never",157,121,"Female",1960
"1048",941373,"5","Extremely happy",8,"2-3 times a month",190,70,"Male",1992
"1049",941412,"5","7",NA,"Less than once a month",176,66,"Female",1990
"1050",941420,"8","Extremely happy",20,"Once a week",159,53,"Female",1945
"1051",941438,"6","7",NA,"Several times a week",177,70,"Male",1958
"1052",941470,"8","9",1,"Once a week",165,62,"Female",1955
"1053",941501,"6","Extremely happy",10,"Several times a week",176,64,"Male",1937
"1054",941519,"7","5",NA,"Less than once a month",170,115,"Female",1957
"1055",941535,"3","9",NA,"Once a week",169,52,"Female",1988
"1056",941543,"8","9",NA,"Once a week",178,75,"Male",1975
"1057",941551,"4","3",NA,"Less than once a month",172,110,"Male",1956
"1058",941569,"9","Extremely happy",NA,"Less than once a month",168,60,"Female",1986
"1059",941577,"7","8",NA,"2-3 times a month",167,83,"Female",1965
"1060",941585,"4","9",NA,"Less than once a month",170,65,"Female",1992
"1061",941608,"7","8",NA,"Once a month",168,85,"Female",1963
"1062",941640,"8","9",NA,"Once a week",187,84,"Male",1958
"1063",941674,"7","Extremely happy",NA,"Once a month",178,74,"Male",1937
"1064",941721,"9","Extremely happy",NA,"Once a week",156,58,"Female",1926
"1065",941739,"9","9",NA,"Several times a week",184,62,"Female",1984
"1066",941747,"4","5",20,"Less than once a month",160,60,"Female",1955
"1067",941755,"7","9",NA,"Several times a week",167,75,"Male",1954
"1068",941763,"6","9",NA,"Less than once a month",189,86,"Male",1998
"1069",941771,"8","7",NA,"Several times a week",162,65,"Female",1956
"1070",941797,"7","5",NA,"Never",185,96,"Male",1956
"1071",941802,"7","Extremely happy",NA,"Several times a week",156,59,"Female",1942
"1072",941828,"7","8",NA,"Every day",175,90,"Male",1945
"1073",941844,"9","6",NA,"Never",182,61,"Male",1926
"1074",941860,"7","Extremely happy",NA,"Less than once a month",164,57,"Female",1979
"1075",941878,"8","8",NA,"Several times a week",183,84,"Male",1985
"1076",941886,"9","7",NA,"2-3 times a month",168,NA,"Female",1968
"1077",941894,"7","9",NA,"2-3 times a month",183,90,"Male",1977
"1078",941909,"8","9",NA,"Once a week",171,77,"Female",1950
"1079",941917,"7","9",NA,"2-3 times a month",178,73,"Female",1961
"1080",941959,"Most people can be trusted","6",NA,"Every day",184,84,"Male",1979
"1081",941975,"8","7",NA,"Once a week",178,69,"Female",1961
"1082",941983,"7","Extremely happy",NA,"Less than once a month",180,125,"Male",1951
"1083",941991,"9","9",NA,"Less than once a month",165,83,"Female",1970
"1084",942010,"5","9",NA,"Once a week",180,NA,"Female",1952
"1085",942036,"7","9",NA,"Several times a week",167,82,"Female",1967
"1086",942044,"7","8",0,"Several times a week",186,71,"Male",1997
"1087",942078,"7","8",1,"Several times a week",182,90,"Male",1975
"1088",942086,"","9",15,"Several times a week",176,70,"Female",1962
"1089",942094,"8","8",NA,"Less than once a month",173,83,"Male",1929
"1090",942117,"7","7",NA,"Several times a week",175,70,"Female",1975
"1091",942141,"7","8",15,"Several times a week",169,NA,"Female",1963
"1092",942175,"2","Extremely unhappy",30,"Less than once a month",162,55,"Female",1992
"1093",942183,"5","6",NA,"Once a week",167,90,"Female",1969
"1094",942230,"5","Extremely happy",NA,"Every day",184,87,"Male",1947
"1095",942248,"8","8",5,"Once a month",179,66,"Male",1969
"1096",942256,"3","8",4,"Never",163,62,"Female",1946
"1097",942264,"9","Extremely happy",NA,"2-3 times a month",162,68,"Female",1988
"1098",942280,"Most people can be trusted","9",NA,"Never",189,85,"Male",1950
"1099",942298,"Most people can be trusted","Extremely happy",NA,"Several times a week",192,91,"Male",1980
"1100",942337,"8","7",8,"Several times a week",178,82,"Female",1959
"1101",942361,"8","8",NA,"Less than once a month",180,115,"Female",1974
"1102",942395,"","Extremely happy",NA,"Never",161,NA,"Female",1945
"1103",942442,"9","9",NA,"Several times a week",176,71,"Male",1961
"1104",942468,"8","8",NA,"Once a week",186,83,"Male",1961
"1105",942476,"4","7",NA,"Once a week",158,60,"Female",1981
"1106",942484,"5","9",20,"Less than once a month",168,68,"Male",1968
"1107",942492,"3","Extremely happy",NA,"2-3 times a month",164,73,"Female",1970
"1108",942515,"8","6",12,"Once a week",180,84,"Male",1958
"1109",942531,"9","8",NA,"Once a week",178,120,"Male",1959
"1110",942557,"9","8",6,"Once a week",178,80,"Female",1958
"1111",942565,"9","9",NA,"Once a month",173,115,"Female",1984
"1112",942599,"7","7",NA,"2-3 times a month",174,62,"Female",1957
"1113",942604,"7","9",NA,"2-3 times a month",175,81,"Male",1969
"1114",942620,"3","5",40,"Less than once a month",176,58,"Female",1967
"1115",942638,"7","5",NA,"Once a week",169,57,"Male",1978
"1116",942662,"8","7",15,"2-3 times a month",173,73,"Female",1963
"1117",942701,"6","5",NA,"2-3 times a month",174,106,"Female",1974
"1118",942719,"9","9",NA,"Once a week",179,68,"Female",1981
"1119",942727,"5","5",NA,"Once a week",190,124,"Male",1969
"1120",942743,"3","8",NA,"2-3 times a month",179,98,"Male",1958
"1121",942785,"8","9",NA,"Every day",184,75,"Male",1951
"1122",942793,"7","9",10,"Once a week",183,83,"Male",1983
"1123",942808,"5","8",NA,"Once a week",168,77.5,"Female",1956
"1124",942816,"4","4",NA,"2-3 times a month",195,117,"Male",1974
"1125",942824,"8","5",NA,"Every day",182,75,"Male",1925
"1126",942840,"8","8",13,"2-3 times a month",170,80,"Female",1965
"1127",942866,"Most people can be trusted","Extremely happy",NA,"Once a month",180,57,"Female",1967
"1128",942874,"5","7",NA,"Less than once a month",155,45.3,"Female",1931
"1129",942890,"8","Extremely happy",NA,"2-3 times a month",192,74,"Male",1995
"1130",942913,"7","9",NA,"Once a week",165,65,"Male",1979
"1131",942939,"8","Extremely happy",NA,"2-3 times a month",185,117,"Male",1962
"1132",942947,"9","8",NA,"Several times a week",187,91,"Male",1947
"1133",942955,"8","9",NA,"2-3 times a month",190,86,"Male",1990
"1134",942963,"1","Extremely happy",NA,"2-3 times a month",179,88,"Male",1952
"1135",943008,"7","9",NA,"2-3 times a month",164,69,"Female",1940
"1136",943016,"8","8",10,"Several times a week",176,78,"Male",1961
"1137",943040,"8","Extremely happy",NA,"Several times a week",184,85,"Male",1977
"1138",943058,"9","8",NA,"Several times a week",172,85,"Male",1964
"1139",943066,"9","9",NA,"Less than once a month",179,70,"Male",1975
"1140",943082,"9","8",20,"Every day",183,90,"Male",1965
"1141",943090,"9","9",8,"Several times a week",159,59,"Female",1964
"1142",943105,"8","8",NA,"Once a week",187,87,"Male",1957
"1143",943121,"8","7",NA,"2-3 times a month",163,78,"Female",1946
"1144",943147,"8","9",NA,"Less than once a month",189,62,"Male",1996
"1145",943155,"9","9",NA,"Several times a week",164,82,"Female",1950
"1146",943171,"8","8",NA,"2-3 times a month",172,70,"Male",1985
"1147",943210,"6","8",NA,"Several times a week",173,90,"Male",1974
"1148",943236,"1","Extremely happy",NA,"Once a month",160,57,"Female",1946
"1149",943260,"5","8",NA,"Never",186,112,"Male",1945
"1150",943278,"8","8",4,"Once a month",171,58,"Female",1974
"1151",943286,"4","7",NA,"Less than once a month",159,63,"Female",1987
"1152",943294,"5","8",NA,"Several times a week",180,82,"Male",1958
"1153",943309,"8","9",NA,"Every day",183,92,"Male",1942
"1154",943317,"9","9",NA,"Once a month",178,72,"Male",1989
"1155",943325,"4","8",NA,"2-3 times a month",172,64,"Female",1978
"1156",943333,"8","9",NA,"Less than once a month",164,70,"Female",1987
"1157",943341,"4","7",7,"Less than once a month",187,84,"Male",1988
"1158",943367,"9","9",NA,"2-3 times a month",183,75,"Male",1993
"1159",943430,"Most people can be trusted","5",NA,"2-3 times a month",168,65,"Female",1973
"1160",943448,"7","9",NA,"Once a week",187,79,"Male",1994
"1161",943464,"3","8",NA,"Several times a week",181,77,"Male",1943
"1162",943480,"5","5",NA,"Several times a week",174,94,"Male",1930
"1163",943498,"8","8",NA,"2-3 times a month",180,95,"Male",1970
"1164",943511,"You can't be too careful","3",15,"Never",183,68,"Male",1992
"1165",943529,"9","8",NA,"2-3 times a month",180,106,"Male",1926
"1166",943545,"4","5",NA,"Several times a week",173,90,"Male",1953
"1167",943553,"8","8",NA,"Once a week",182,86,"Male",1971
"1168",943595,"5","7",NA,"Several times a week",162,54,"Female",1984
"1169",943618,"7","9",NA,"Every day",184,72,"Male",1959
"1170",943626,"5","7",NA,"Once a week",179,65,"Male",1988
"1171",943634,"7","9",NA,"Several times a week",194,88,"Male",1977
"1172",943642,"5","7",NA,"Once a week",162,70,"Female",1957
"1173",943668,"9","9",NA,"Once a week",184,92,"Male",1946
"1174",943684,"6","9",NA,"Every day",172,68,"Male",1929
"1175",943715,"5","8",NA,"Once a month",168,65,"Female",1946
"1176",943749,"5","9",NA,"Never",148,54,"Female",1964
"1177",943757,"7","8",NA,"Less than once a month",174,103,"Female",1971
"1178",943765,"7","Extremely happy",NA,"Several times a week",185,76,"Male",1986
"1179",943773,"8","2",NA,"Several times a week",163,69,"Female",1946
"1180",943846,"2","",NA,"Several times a week",178,76,"Male",1945
"1181",943896,"8","9",NA,"Every day",171,76,"Male",1941
"1182",943927,"9","Extremely happy",NA,"Several times a week",176,65,"Female",1950
"1183",943951,"8","8",NA,"2-3 times a month",173,63,"Female",1970
"1184",943969,"8","8",NA,"Every day",169,80,"Male",1940
"1185",943985,"8","7",NA,"Once a week",173,70,"Male",1975
"1186",943993,"7","8",NA,"Every day",175,66,"Male",1928
"1187",944004,"9","9",5,"Once a week",183,105,"Male",1960
"1188",944012,"8","9",NA,"Never",160,64,"Female",1974
"1189",944020,"7","Extremely happy",NA,"2-3 times a month",170,99,"Female",1984
"1190",944046,"9","7",NA,"Several times a week",193,90,"Male",1963
"1191",944062,"7","8",18,"Several times a week",172,90,"Male",1962
"1192",944070,"6","8",10,"Several times a week",168,110,"Female",1993
"1193",944088,"7","9",14,"Several times a week",178,72,"Male",1976
"1194",944101,"4","Extremely happy",NA,"2-3 times a month",166,72,"Female",1965
"1195",944119,"3","5",20,"2-3 times a month",156,50,"Female",1990
"1196",944127,"8","8",NA,"Several times a week",164,50,"Female",1952
"1197",944135,"6","7",NA,"Never",158,66,"Female",1952
"1198",944193,"7","9",0,"Once a week",182,92,"Female",1979
"1199",944208,"7","7",NA,"Several times a week",180,80,"Male",1984
"1200",944216,"5","Extremely happy",NA,"Once a week",188,115,"Male",1942
"1201",944258,"9","9",2,"Every day",170,73,"Male",1940
"1202",944266,"7","8",NA,"2-3 times a month",170,85,"Female",1976
"1203",944313,"2","9",NA,"Never",152,48,"Female",1929
"1204",944347,"8","7",NA,"Less than once a month",166,90,"Female",1965
"1205",944355,"7","8",NA,"Never",167,79,"Female",1951
"1206",944363,"8","8",12,"Once a month",172,66,"Female",1968
"1207",944371,"3","6",NA,"2-3 times a month",188,105,"Male",1982
"1208",944397,"4","8",NA,"Never",174,NA,"Female",1981
"1209",944428,"7","8",NA,"Several times a week",178,75,"Male",1964
"1210",944436,"9","Extremely happy",NA,"Several times a week",180,69,"Male",1947
"1211",944444,"Most people can be trusted","Extremely happy",NA,"Less than once a month",176,91,"Male",1983
"1212",944478,"8","8",16,"Once a week",182,93,"Male",1948
"1213",944517,"7","9",NA,"Never",180,88,"Male",1978
"1214",944525,"3","Extremely happy",NA,"Once a month",182,66,"Male",1944
"1215",944541,"6","9",NA,"Less than once a month",183,88,"Male",1969
"1216",944567,"7","8",NA,"Several times a week",181,68,"Male",1938
"1217",944575,"7","Extremely happy",20,"Once a week",181,93,"Male",1966
"1218",944591,"8","8",NA,"2-3 times a month",168,70,"Female",1956
"1219",944606,"6","Extremely happy",NA,"Every day",179,80,"Male",1947
"1220",944622,"8","8",NA,"Once a week",170,89,"Female",1968
"1221",944630,"8","8",NA,"Never",181,78,"Male",1944
"1222",944648,"9","8",NA,"Once a month",174,71,"Male",1933
"1223",944664,"7","7",6,"Every day",177,82,"Female",1947
"1224",944672,"8","9",NA,"Once a week",190,85,"Male",1976
"1225",944698,"You can't be too careful","Extremely happy",NA,"2-3 times a month",175,80,"Male",1999
"1226",944711,"8","8",NA,"Once a week",188,88,"Male",1977
"1227",944729,"6","Extremely happy",NA,"Once a month",163,60,"Female",1980
"1228",944753,"4","8",NA,"Several times a week",175,77,"Male",1966
"1229",944779,"5","8",NA,"Several times a week",187,103,"Male",1945
"1230",944787,"8","7",NA,"Every day",182,80,"Male",1979
"1231",944818,"8","6",20,"2-3 times a month",175,85,"Male",1968
"1232",944826,"3","Extremely happy",10,"Several times a week",173,80,"Female",1971
"1233",944876,"7","8",10,"Several times a week",175,74,"Female",1950
"1234",944923,"9","Extremely happy",NA,"Less than once a month",170,69,"Female",1992
"1235",944931,"7","8",4,"2-3 times a month",171,74,"Male",1990
"1236",944949,"8","9",NA,"Once a week",186,80,"Male",1976
"1237",944999,"7","7",NA,"Every day",160,56,"Female",1954
"1238",945018,"8","8",NA,"Several times a week",186,104,"Male",1957
"1239",945026,"6","8",NA,"Less than once a month",167,61,"Female",1955
"1240",945034,"9","8",NA,"Less than once a month",173,60,"Female",1942
"1241",945042,"6","8",NA,"Once a week",180,82,"Male",1962
"1242",945068,"5","4",102,"Several times a week",187,80,"Male",1962
"1243",945076,"7","8",20,"Never",164,75,"Female",1949
"1244",945084,"8","9",NA,"Less than once a month",180,80,"Male",1943
"1245",945092,"8","8",NA,"2-3 times a month",190,87,"Male",1996
"1246",945107,"7","Extremely happy",NA,"2-3 times a month",172,114,"Female",1954
"1247",945149,"8","9",NA,"Once a month",168,68,"Female",1983
"1248",945212,"5","5",NA,"Never",166,92,"Female",1947
"1249",945220,"8","9",NA,"Once a week",170,75,"Female",1952
"1250",945262,"7","Extremely happy",20,"Every day",162,68,"Female",1952
"1251",945296,"7","9",NA,"Less than once a month",176,92,"Male",1966
"1252",945301,"7","8",NA,"Once a week",178,66,"Male",1972
"1253",945319,"8","7",5,"Several times a week",160,49,"Female",1991
"1254",945369,"8","8",NA,"Less than once a month",168,75,"Female",1991
"1255",945466,"Most people can be trusted","9",NA,"Several times a week",188,80,"Male",1945
"1256",945521,"9","Extremely happy",NA,"Several times a week",180,73,"Male",1949
"1257",945555,"9","8",NA,"Less than once a month",169,68,"Female",1996
"1258",945563,"Most people can be trusted","9",NA,"Every day",162,72,"Female",1950
"1259",945571,"8","8",NA,"Less than once a month",181,117,"Male",1981
"1260",945652,"4","8",10,"Once a week",191,80,"Male",1998
"1261",945660,"6","9",NA,"Several times a week",177,89,"Male",1949
"1262",945686,"8","8",NA,"2-3 times a month",162,60.5,"Female",1934
"1263",945733,"9","8",NA,"Several times a week",173,80,"Female",1951
"1264",945759,"7","9",NA,"2-3 times a month",181,82,"Male",1987
"1265",945767,"Most people can be trusted","9",6,"Every day",168,54,"Female",1954
"1266",945791,"3","Extremely happy",NA,"Once a week",172,80,"Male",1935
"1267",945806,"Most people can be trusted","9",NA,"Several times a week",181,79,"Male",1964
"1268",945814,"8","8",NA,"2-3 times a month",163,57,"Female",1985
"1269",945822,"8","8",NA,"Never",170,70,"Male",1939
"1270",945830,"3","Extremely happy",NA,"Once a month",174,79,"Female",1941
"1271",945856,"9","Extremely happy",NA,"Once a week",170,66,"Male",1988
"1272",945872,"7","9",NA,"Once a month",163,64,"Female",1976
"1273",945903,"2","2",NA,"Less than once a month",158,65,"Female",1967
"1274",945937,"8","8",NA,"Several times a week",184,93,"Male",1959
"1275",945953,"7","9",NA,"Once a month",185,64,"Male",1999
"1276",945961,"5","7",30,"Several times a week",186,83,"Male",1990
"1277",946014,"5","7",NA,"2-3 times a month",182,70,"Male",1997
"1278",946030,"7","8",NA,"Several times a week",182,76,"Male",1983
"1279",946064,"5","Extremely happy",NA,"Every day",180,86,"Male",1936
"1280",946072,"8","9",NA,"Several times a week",183,110,"Male",1985
"1281",946098,"8","8",5,"Once a week",169,66,"Female",1969
"1282",946129,"7","8",NA,"Once a month",160,75,"Female",1981
"1283",946153,"6","7",NA,"Never",159,50,"Female",1933
"1284",946161,"7","5",NA,"Once a month",174,65,"Male",1993
"1285",946195,"7","Extremely happy",NA,"2-3 times a month",191,95,"Male",1991
"1286",946218,"8","8",20,"Several times a week",185,83,"Male",1972
"1287",946250,"6","8",7,"2-3 times a month",187,66,"Male",1997
"1288",946268,"5","9",10,"2-3 times a month",180,74,"Male",1966
"1289",946276,"7","Extremely happy",NA,"2-3 times a month",196,96,"Male",1964
"1290",946292,"8","9",NA,"Once a month",163,66,"Female",1998
"1291",946331,"9","8",NA,"2-3 times a month",172,68,"Male",1945
"1292",946349,"4","7",NA,"Several times a week",170,74,"Female",1977
"1293",946373,"7","9",NA,"2-3 times a month",159,60,"Female",1971
"1294",946381,"6","7",NA,"2-3 times a month",167,57,"Female",1998
"1295",946404,"8","8",NA,"2-3 times a month",190,110,"Male",1959
"1296",946412,"4","7",NA,"Once a week",189,67,"Male",1985
"1297",946446,"8","9",NA,"Several times a week",182,95,"Male",1965
"1298",946488,"8","Extremely happy",NA,"Several times a week",164,80,"Female",1947
"1299",946496,"1","5",NA,"2-3 times a month",180,87,"Male",1981
"1300",946519,"5","Extremely happy",NA,"Less than once a month",173,70,"Female",1998
"1301",946527,"8","",NA,"Every day",177,66,"Female",1932
"1302",946535,"8","8",NA,"2-3 times a month",164,63,"Female",1971
"1303",946569,"Most people can be trusted","9",NA,"Several times a week",180,69,"Female",1963
"1304",946585,"8","Extremely happy",NA,"Several times a week",168,58,"Female",1963
"1305",946616,"8","8",NA,"Less than once a month",167,114,"Female",1964
"1306",946624,"8","8",NA,"Several times a week",178,76,"Male",1970
"1307",946658,"7","6",NA,"Several times a week",182,76,"Male",1990
"1308",946666,"7","9",6,"Less than once a month",160,65,"Female",1982
"1309",946682,"8","8",NA,"Once a month",188,95,"Male",1974
"1310",946690,"5","8",20,"Several times a week",179,82,"Male",1963
"1311",946721,"7","9",NA,"Once a week",165,61,"Female",1985
"1312",946747,"3","8",NA,"Several times a week",168,76,"Male",1938
"1313",946755,"Most people can be trusted","9",NA,"Once a week",180,115,"Male",1977
"1314",946797,"9","8",NA,"Several times a week",186,75,"Male",1991
"1315",946810,"5","8",NA,"Once a week",180,78,"Male",1989
"1316",946828,"5","9",NA,"Once a week",165,68,"Male",1933
"1317",946836,"8","8",NA,"Several times a week",171,95,"Female",1952
"1318",946852,"8","Extremely happy",NA,"Several times a week",175,85,"Female",1967
"1319",946886,"4","6",NA,"Once a month",188,95,"Male",1993
"1320",946917,"8","9",NA,"2-3 times a month",185,97,"Male",1983
"1321",946925,"8","8",NA,"Once a week",165,73,"Female",1955
"1322",946933,"6","7",20,"Several times a week",170,85,"Female",1956
"1323",946959,"9","9",NA,"Less than once a month",185,97,"Male",1973
"1324",946967,"You can't be too careful","8",NA,"Every day",160,45,"Female",1941
"1325",946975,"8","9",NA,"Once a week",178,76,"Male",1963
"1326",947010,"8","7",NA,"Several times a week",174,80,"Male",1955
"1327",947028,"7","8",NA,"Once a week",175,103,"Male",1985
"1328",947060,"5","9",20,"Several times a week",190,96,"Male",1984
"1329",947078,"7","9",NA,"Several times a week",166,58,"Female",1964
"1330",947086,"8","7",NA,"Once a week",186,84,"Male",1964
"1331",947117,"7","9",NA,"2-3 times a month",170,71,"Female",1963
"1332",947141,"8","9",NA,"Once a month",165,74,"Female",1973
"1333",947159,"6","7",NA,"Less than once a month",171,67,"Male",1994
"1334",947167,"8","Extremely happy",NA,"Never",173,78,"Female",1957
"1335",947214,"Most people can be trusted","9",NA,"Less than once a month",178,57,"Female",1986
"1336",947230,"7","8",NA,"2-3 times a month",162,59,"Female",1968
"1337",947248,"Most people can be trusted","Extremely happy",NA,"2-3 times a month",169,61,"Female",1977
"1338",947256,"9","6",NA,"Several times a week",170,73,"Female",1948
"1339",947272,"5","4",NA,"Several times a week",182,54,"Male",1990
"1340",947280,"3","6",NA,"2-3 times a month",183,82,"Male",1981
"1341",947303,"7","9",NA,"Less than once a month",173,59,"Female",1999
"1342",947329,"8","7",NA,"Once a week",177,65,"Male",1952
"1343",947337,"Most people can be trusted","8",NA,"2-3 times a month",160,59,"Female",1945
"1344",947345,"8","9",10,"Once a week",174,104,"Male",1984
"1345",947379,"8","9",NA,"Once a week",176,70,"Male",1979
"1346",947395,"5","8",NA,"Once a week",183,87,"Male",1949
"1347",947400,"7","9",NA,"2-3 times a month",174,65,"Male",1997
"1348",947450,"9","8",NA,"2-3 times a month",160,57,"Female",1981
"1349",947476,"Most people can be trusted","9",NA,"Less than once a month",184,87,"Female",1939
"1350",947484,"3","Extremely happy",NA,"Once a month",160,78,"Female",1964
"1351",947492,"8","9",NA,"Once a week",165,61,"Female",1954
"1352",947507,"3","Extremely happy",NA,"Every day",172,80,"Male",1935
"1353",947515,"Most people can be trusted","9",5,"Several times a week",172,62,"Female",1958
"1354",947523,"Most people can be trusted","Extremely happy",NA,"Once a week",170,72,"Male",1927
"1355",947557,"8","8",NA,"Less than once a month",159,108,"Female",1980
"1356",947565,"9","8",NA,"Several times a week",175,75,"Male",1955
"1357",947612,"7","8",3,"Once a week",165,58,"Female",1940
"1358",947638,"Most people can be trusted","9",NA,"Several times a week",168,63,"Female",1936
"1359",947646,"Most people can be trusted","9",NA,"Less than once a month",173,69,"Female",1973
"1360",947662,"9","8",NA,"2-3 times a month",182,65,"Male",1968
"1361",947719,"8","7",NA,"Once a week",180,101,"Male",1951
"1362",947735,"7","8",NA,"2-3 times a month",175,77,"Male",1972
"1363",947751,"6","8",NA,"Every day",176,66,"Male",1954
"1364",947769,"8","9",NA,"Several times a week",176,110,"Female",1959
"1365",947793,"5","7",NA,"Once a month",179,58,"Male",1999
"1366",947808,"9","7",20,"Once a week",169,57,"Female",1957
"1367",947816,"5","7",NA,"Once a week",175,71,"Female",1948
"1368",947840,"9","9",NA,"Once a week",185,86,"Male",1995
"1369",947858,"8","9",NA,"Several times a week",181,71,"Male",1992
"1370",947874,"9","9",NA,"Once a week",184,89,"Male",1985
"1371",947882,"7","7",NA,"2-3 times a month",164,68,"Female",1973
"1372",947890,"7","Extremely happy",NA,"Once a month",167,56,"Female",1996
"1373",947905,"4","9",NA,"Several times a week",177,95,"Male",1976
"1374",947921,"7","8",NA,"Less than once a month",169,63,"Female",1980
"1375",947947,"7","8",NA,"Once a week",161,69,"Female",1943
"1376",947971,"Most people can be trusted","7",3,"Once a week",165,80,"Male",1932
"1377",947989,"7","8",15,"Once a week",193,90.3,"Male",1959
"1378",947997,"9","Extremely happy",4,"2-3 times a month",168,56,"Female",1997
"1379",948016,"7","7",8,"Less than once a month",165,53,"Female",1965
"1380",948074,"5","8",NA,"Once a week",165,68,"Female",1995
"1381",948082,"5","8",3,"Once a week",180,89,"Male",1947
"1382",948113,"Most people can be trusted","Extremely happy",3,"Once a week",167,79,"Female",1983
"1383",948121,"8","9",NA,"Several times a week",178,93,"Male",1941
"1384",948189,"7","Extremely happy",5,"2-3 times a month",176,88,"Male",1990
"1385",948197,"9","8",NA,"Several times a week",182,86,"Male",1961
"1386",948202,"9","Extremely happy",NA,"Once a week",168,62,"Female",1955
"1387",948244,"7","5",NA,"Once a week",167,59,"Female",1998
"1388",948286,"7","9",NA,"2-3 times a month",157,55,"Female",1993
"1389",948294,"Most people can be trusted","Extremely happy",NA,"Less than once a month",182,117,"Female",1968
"1390",948333,"8","9",NA,"Less than once a month",162,73,"Male",1934
"1391",948341,"7","8",NA,"Never",177,68,"Male",1963
"1392",948359,"8","Extremely happy",NA,"Once a week",177,75,"Male",1928
"1393",948375,"6","9",NA,"Once a week",169,91,"Male",1951
"1394",948383,"8","Extremely happy",NA,"Once a week",173,72,"Female",1958
"1395",948391,"7","7",NA,"Less than once a month",176,63,"Female",1995
"1396",948406,"7","8",NA,"2-3 times a month",176,58,"Male",1949
"1397",948414,"7","8",NA,"Less than once a month",168,NA,"Female",1974
"1398",948422,"3","7",NA,"Less than once a month",166,65,"Female",1991
"1399",948448,"8","7",NA,"Several times a week",185,95,"Male",1957
"1400",948456,"8","9",NA,"Less than once a month",170,80,"Female",1975
"1401",948472,"8","8",NA,"Once a month",171,56,"Female",1977
"1402",948480,"8","Extremely happy",NA,"2-3 times a month",168,80,"Male",1966
"1403",948529,"8","9",NA,"2-3 times a month",181,78,"Female",1972
"1404",948545,"7","7",NA,"2-3 times a month",168,64,"Female",1953
"1405",948595,"8","Extremely happy",NA,"Several times a week",178,92,"Male",1947
"1406",948600,"3","7",NA,"2-3 times a month",185,90,"Male",1965
"1407",948618,"4","8",NA,"Never",166,73,"Female",1997
"1408",948650,"8","Extremely happy",NA,"Every day",182,83.3,"Male",1949
"1409",948676,"7","8",NA,"Once a month",174,82,"Female",1965
"1410",948715,"9","6",NA,"Once a week",198,84,"Male",1993
"1411",948731,"8","8",NA,"2-3 times a month",175,60,"Female",1974
"1412",948757,"7","8",NA,"Once a week",188,80,"Male",1965
"1413",948765,"5","8",NA,"Less than once a month",153,57,"Female",1950
"1414",948781,"8","2",NA,"Never",150,57,"Female",1959
"1415",948838,"8","7",NA,"Several times a week",185,83,"Male",1972
"1416",948846,"5","7",NA,"2-3 times a month",159,60,"Female",1997
"1417",948854,"2","6",15,"2-3 times a month",175,64,"Male",1964
"1418",948896,"9","8",NA,"Several times a week",168,70,"Female",1959
"1419",948901,"7","Extremely happy",40,"Every day",180,83,"Male",1970
"1420",948919,"8","9",NA,"Never",160,72,"Female",1965
"1421",948927,"8","8",NA,"Once a week",180,74,"Male",1960
"1422",948943,"4","8",NA,"Several times a week",172,71,"Female",1938
"1423",948993,"8","7",NA,"Once a week",164,58,"Female",1956
"1424",949004,"6","9",10,"Several times a week",180,65,"Male",1963
"1425",949012,"8","Extremely happy",NA,"Several times a week",186,93,"Male",1939
"1426",949020,"8","6",NA,"Once a week",178,66,"Male",1962
"1427",949046,"7","8",NA,"2-3 times a month",183,75,"Male",1981
"1428",949054,"9","Extremely happy",NA,"2-3 times a month",166,71,"Female",1939
"1429",949070,"5","9",NA,"2-3 times a month",167,95,"Female",1983
"1430",949096,"4","5",NA,"Less than once a month",186,73,"Male",1979
"1431",949119,"9","9",NA,"Once a week",165,65,"Female",1954
"1432",949135,"8","5",NA,"Several times a week",167,55,"Female",1978
"1433",949143,"8","8",NA,"2-3 times a month",172,62,"Female",1972
"1434",949185,"7","9",NA,"Every day",183,93,"Male",1946
"1435",949193,"8","9",NA,"Several times a week",186,82,"Male",1993
"1436",949208,"7","9",NA,"Less than once a month",178,73,"Male",1994
"1437",949216,"7","8",NA,"Once a month",180,69,"Male",1994
"1438",949224,"7","Extremely happy",NA,"2-3 times a month",161,86,"Female",1941
"1439",949258,"8","9",8,"Every day",172,76,"Male",1943
"1440",949274,"8","7",NA,"Several times a week",168,72,"Female",1974
"1441",949305,"9","Extremely happy",NA,"Less than once a month",160,80,"Female",1939
"1442",949313,"Most people can be trusted","Extremely happy",NA,"Several times a week",178,74,"Male",1988
"1443",949321,"8","Extremely happy",1,"2-3 times a month",176,77,"Female",1972
"1444",949339,"7","Extremely happy",NA,"Every day",181,77,"Male",1930
"1445",949363,"8","9",5,"Once a week",165,63,"Female",1952
"1446",949389,"8","Extremely happy",NA,"2-3 times a month",164,60,"Female",1927
"1447",949397,"7","8",NA,"2-3 times a month",176,67,"Male",1942
"1448",949436,"8","9",10,"2-3 times a month",160,83,"Female",1967
"1449",949444,"9","8",NA,"Once a month",165,58,"Female",1965
"1450",949486,"8","8",NA,"Once a week",164,75,"Female",1962
"1451",949494,"7","7",NA,"Never",161,82,"Female",1994
"1452",949509,"9","9",NA,"Several times a week",192,76,"Male",1989
"1453",949517,"7","8",NA,"Less than once a month",165,90,"Female",1947
"1454",949541,"8","8",NA,"Less than once a month",172,110,"Female",1958
"1455",949583,"7","4",NA,"Once a week",165,NA,"Female",1958
"1456",949591,"9","9",NA,"Once a week",180,94,"Male",1971
"1457",949606,"4","Extremely happy",NA,"Less than once a month",170,130,"Female",1993
"1458",949614,"8","8",NA,"Several times a week",186,90,"Male",1934
"1459",949622,"8","9",NA,"2-3 times a month",167,95,"Female",1955
"1460",949630,"7","8",10,"Several times a week",168,55,"Female",1995
"1461",949648,"6","9",NA,"Several times a week",195,110,"Male",1980
"1462",949680,"8","9",NA,"Every day",174,81,"Male",1936
"1463",949703,"7","9",NA,"Once a week",186,89,"Male",1969
"1464",949711,"5","8",NA,"Once a month",165,88,"Male",1927
"1465",949745,"6","8",NA,"Several times a week",190,83,"Male",1957
"1466",949779,"7","Extremely happy",NA,"Several times a week",178,84.2,"Male",1933
"1467",949787,"9","8",20,"Once a week",176,58,"Female",1967
"1468",949800,"8","9",5,"Once a week",173,78,"Female",1958
"1469",949826,"Most people can be trusted","9",NA,"2-3 times a month",184,82,"Male",1962
"1470",949868,"8","9",15,"2-3 times a month",174,NA,"Female",1971
"1471",949876,"7","Extremely happy",NA,"2-3 times a month",194,NA,"Male",1995
"1472",949892,"6","3",20,"Every day",174,92,"Male",1964
"1473",949907,"7","8",NA,"Several times a week",180,80,"Male",1942
"1474",949915,"9","9",NA,"Several times a week",176,86,"Male",1944
"1475",949923,"4","7",NA,"2-3 times a month",172,67,"Female",1975
"1476",949931,"7","Extremely happy",NA,"Once a week",160,72,"Female",1924
"1477",949981,"7","Extremely happy",NA,"Several times a week",170,80,"Male",1946
"1478",949999,"8","4",NA,"Several times a week",200,88,"Male",1994
"1479",950037,"5","9",NA,"Once a week",172,110,"Male",1944
"1480",950053,"7","Extremely happy",NA,"Several times a week",175,70,"Female",1959
"1481",950061,"7","Extremely happy",1,"Once a week",183,70,"Male",1995
"1482",950079,"6","9",NA,"Never",172,76,"Male",1973
"1483",950095,"8","9",NA,"Every day",180,85,"Male",1947
"1484",950118,"8","8",NA,"Several times a week",165,NA,"Female",1965
"1485",950134,"9","9",NA,"Less than once a month",170,52,"Female",1960
"1486",950150,"6","8",NA,"Several times a week",186,80,"Male",1956
"1487",950184,"8","8",20,"2-3 times a month",167,109,"Female",1960
"1488",950192,"9","8",NA,"Several times a week",185,92,"Male",1990
"1489",950249,"8","7",7,"Several times a week",190,89,"Male",1956
"1490",950273,"2","7",NA,"Less than once a month",174,60,"Female",1980
"1491",950304,"Most people can be trusted","Extremely happy",NA,"Several times a week",172,50,"Female",1940
"1492",950320,"7","Extremely happy",NA,"Once a week",185,96,"Male",1960
"1493",950346,"7","9",NA,"Several times a week",156,60,"Female",1955
"1494",950354,"8","9",NA,"Every day",170,66,"Male",1945
"1495",950362,"4","9",NA,"Once a month",176,68,"Male",1979
"1496",950427,"5","7",23,"Every day",192,117,"Male",1964
"1497",950443,"5","9",NA,"Once a week",195,87,"Male",1995
"1498",950469,"7","8",NA,"Several times a week",164,84,"Female",1945
"1499",950477,"8","8",NA,"2-3 times a month",180,90,"Male",1942
"1500",950493,"5","9",NA,"Once a week",183,86,"Male",1955
"1501",950508,"7","8",NA,"Once a week",173,75,"Male",1966
"1502",950516,"3","Extremely happy",NA,"2-3 times a month",168,75,"Female",1942
